-- Database Backup with Data Created: 2025-07-10T08:31:49.262Z
-- PostgreSQL Database Dump
-- Tables: 43

SET statement_timeout = 0;
SET lock_timeout = 0;
SET client_encoding = 'UTF8';
SET standard_conforming_strings = on;
SET check_function_bodies = false;
SET xmloption = content;
SET client_min_messages = warning;

-- No data in table achievements

-- No data in table activity_logs

--
-- Data for table: application_settings (31 records)
--

INSERT INTO application_settings ("id", "key", "value", "category", "description", "is_public", "created_at", "updated_at") VALUES ('9ee993bf-29fc-4b99-8059-c9538dfae43f', 'app_name', 'OKR Management System', 'general', 'Nama aplikasi yang ditampilkan di header dan title', true, '2025-07-09T16:55:53.755Z', '2025-07-09T16:55:53.755Z');
INSERT INTO application_settings ("id", "key", "value", "category", "description", "is_public", "created_at", "updated_at") VALUES ('ac9660dd-bd5a-498b-a5cf-79a553eb8305', 'app_description', 'Platform manajemen OKR untuk pencapaian tujuan organisasi', 'general', 'Deskripsi singkat aplikasi', true, '2025-07-09T16:55:53.830Z', '2025-07-09T16:55:53.830Z');
INSERT INTO application_settings ("id", "key", "value", "category", "description", "is_public", "created_at", "updated_at") VALUES ('2b586686-e17c-4aa9-b2cd-9952160ba0bd', 'app_version', '1.0.0', 'general', 'Versi aplikasi saat ini', true, '2025-07-09T16:55:53.848Z', '2025-07-09T16:55:53.848Z');
INSERT INTO application_settings ("id", "key", "value", "category", "description", "is_public", "created_at", "updated_at") VALUES ('0c8749e3-184e-4bd8-9a02-102d9a9c94d9', 'company_name', 'Your Company', 'general', 'Nama perusahaan yang mengoperasikan platform', true, '2025-07-09T16:55:53.870Z', '2025-07-09T16:55:53.870Z');
INSERT INTO application_settings ("id", "key", "value", "category", "description", "is_public", "created_at", "updated_at") VALUES ('ed8d1c58-b211-43aa-8ccc-cfe7ea377d7a', 'contact_email', 'admin@yourcompany.com', 'general', 'Email kontak untuk support dan pertanyaan', true, '2025-07-09T16:55:53.889Z', '2025-07-09T16:55:53.889Z');
INSERT INTO application_settings ("id", "key", "value", "category", "description", "is_public", "created_at", "updated_at") VALUES ('f921aafa-8739-4e04-a8ff-9a7f57d31d1e', 'support_phone', '+62-21-12345678', 'general', 'Nomor telepon support', true, '2025-07-09T16:55:53.909Z', '2025-07-09T16:55:53.909Z');
INSERT INTO application_settings ("id", "key", "value", "category", "description", "is_public", "created_at", "updated_at") VALUES ('549db3bf-1aab-45a7-9371-1e98d0e9a6d4', 'primary_color', '#f97316', 'appearance', 'Warna utama aplikasi (orange)', true, '2025-07-09T16:55:53.928Z', '2025-07-09T16:55:53.928Z');
INSERT INTO application_settings ("id", "key", "value", "category", "description", "is_public", "created_at", "updated_at") VALUES ('96e2751b-548b-4dad-8fd2-dd78b400182f', 'secondary_color', '#dc2626', 'appearance', 'Warna sekunder aplikasi (red)', true, '2025-07-09T16:55:53.947Z', '2025-07-09T16:55:53.947Z');
INSERT INTO application_settings ("id", "key", "value", "category", "description", "is_public", "created_at", "updated_at") VALUES ('9dcc436f-8b3a-4e00-8b60-feb865311d7c', 'logo_url', '/assets/logo.png', 'appearance', 'URL logo aplikasi', true, '2025-07-09T16:55:53.966Z', '2025-07-09T16:55:53.966Z');
INSERT INTO application_settings ("id", "key", "value", "category", "description", "is_public", "created_at", "updated_at") VALUES ('f6c64fc5-d4e6-4689-961e-078fa2d6db1f', 'favicon_url', '/assets/favicon.ico', 'appearance', 'URL favicon aplikasi', true, '2025-07-09T16:55:53.986Z', '2025-07-09T16:55:53.986Z');
INSERT INTO application_settings ("id", "key", "value", "category", "description", "is_public", "created_at", "updated_at") VALUES ('06fd71de-e1b1-41b8-a967-bf7f7f33edd0', 'max_login_attempts', '5', 'security', 'Maksimal percobaan login sebelum akun dikunci', false, '2025-07-09T16:55:54.004Z', '2025-07-09T16:55:54.004Z');
INSERT INTO application_settings ("id", "key", "value", "category", "description", "is_public", "created_at", "updated_at") VALUES ('2d0dfaf4-207f-4035-8d6d-e0b7578c8c04', 'session_timeout', '86400', 'security', 'Durasi session timeout dalam detik (24 jam)', false, '2025-07-09T16:55:54.025Z', '2025-07-09T16:55:54.025Z');
INSERT INTO application_settings ("id", "key", "value", "category", "description", "is_public", "created_at", "updated_at") VALUES ('7670d3c8-866f-4798-b978-b0f21901cccd', 'password_min_length', '8', 'security', 'Panjang minimum password', false, '2025-07-09T16:55:54.044Z', '2025-07-09T16:55:54.044Z');
INSERT INTO application_settings ("id", "key", "value", "category", "description", "is_public", "created_at", "updated_at") VALUES ('5f3043c0-43dd-4915-82ef-99144711659d', 'enable_registration', 'true', 'feature', 'Mengizinkan registrasi pengguna baru', true, '2025-07-09T16:55:54.064Z', '2025-07-09T16:55:54.064Z');
INSERT INTO application_settings ("id", "key", "value", "category", "description", "is_public", "created_at", "updated_at") VALUES ('50480039-1e13-406b-b0c0-bfff2cd4bc23', 'enable_trial', 'true', 'feature', 'Mengaktifkan fitur free trial', true, '2025-07-09T16:55:54.082Z', '2025-07-09T16:55:54.082Z');
INSERT INTO application_settings ("id", "key", "value", "category", "description", "is_public", "created_at", "updated_at") VALUES ('351ef1a6-809c-4e88-a412-6056b653a09f', 'trial_duration_days', '7', 'feature', 'Durasi free trial dalam hari', true, '2025-07-09T16:55:54.101Z', '2025-07-09T16:55:54.101Z');
INSERT INTO application_settings ("id", "key", "value", "category", "description", "is_public", "created_at", "updated_at") VALUES ('b32940e8-1c7d-46b2-bfd5-dc0240095a88', 'max_users_per_trial', '3', 'feature', 'Maksimal pengguna per organisasi trial', true, '2025-07-09T16:55:54.119Z', '2025-07-09T16:55:54.119Z');
INSERT INTO application_settings ("id", "key", "value", "category", "description", "is_public", "created_at", "updated_at") VALUES ('431ce782-5f7d-4d12-ac67-777eb419bc41', 'smtp_host', 'smtp.gmail.com', 'email', 'SMTP server host untuk email', false, '2025-07-09T16:55:54.138Z', '2025-07-09T16:55:54.138Z');
INSERT INTO application_settings ("id", "key", "value", "category", "description", "is_public", "created_at", "updated_at") VALUES ('67a8f8ed-99f2-44f9-9328-d33a1adc0ec9', 'smtp_port', '587', 'email', 'SMTP server port', false, '2025-07-09T16:55:54.156Z', '2025-07-09T16:55:54.156Z');
INSERT INTO application_settings ("id", "key", "value", "category", "description", "is_public", "created_at", "updated_at") VALUES ('5142bd50-3f20-4cd1-ad0a-28c347b4e7a6', 'smtp_username', '', 'email', 'Username SMTP untuk autentikasi', false, '2025-07-09T16:55:54.177Z', '2025-07-09T16:55:54.177Z');
INSERT INTO application_settings ("id", "key", "value", "category", "description", "is_public", "created_at", "updated_at") VALUES ('b9ae145a-f03d-40e3-bbfb-d13d151f875e', 'from_email', 'noreply@yourcompany.com', 'email', 'Email pengirim untuk notifikasi sistem', false, '2025-07-09T16:55:54.194Z', '2025-07-09T16:55:54.194Z');
INSERT INTO application_settings ("id", "key", "value", "category", "description", "is_public", "created_at", "updated_at") VALUES ('c2ec11b1-cd42-4056-9e36-d12c007b6ef0', 'from_name', 'OKR Management System', 'email', 'Nama pengirim email', false, '2025-07-09T16:55:54.212Z', '2025-07-09T16:55:54.212Z');
INSERT INTO application_settings ("id", "key", "value", "category", "description", "is_public", "created_at", "updated_at") VALUES ('5424c239-3e55-461c-8b03-79079abb0d5c', 'enable_push_notifications', 'true', 'notification', 'Mengaktifkan push notifications', true, '2025-07-09T16:55:54.230Z', '2025-07-09T16:55:54.230Z');
INSERT INTO application_settings ("id", "key", "value", "category", "description", "is_public", "created_at", "updated_at") VALUES ('3bbcd9fa-aa33-4856-a415-0ae5e30276f7', 'enable_email_notifications', 'true', 'notification', 'Mengaktifkan email notifications', true, '2025-07-09T16:55:54.249Z', '2025-07-09T16:55:54.249Z');
INSERT INTO application_settings ("id", "key", "value", "category", "description", "is_public", "created_at", "updated_at") VALUES ('88469234-8402-48c0-b203-d622b7d93759', 'notification_check_interval', '60', 'notification', 'Interval pengecekan notifikasi dalam detik', false, '2025-07-09T16:55:54.268Z', '2025-07-09T16:55:54.268Z');
INSERT INTO application_settings ("id", "key", "value", "category", "description", "is_public", "created_at", "updated_at") VALUES ('6eb3de75-be20-4fdd-a80e-014f1f5715f4', 'maintenance_mode', 'false', 'general', 'Mode maintenance untuk aplikasi', false, '2025-07-09T16:55:54.287Z', '2025-07-09T16:55:54.287Z');
INSERT INTO application_settings ("id", "key", "value", "category", "description", "is_public", "created_at", "updated_at") VALUES ('f064feb9-1905-4e04-9cfc-eb7b002cdbb8', 'maintenance_message', 'Sistem sedang dalam maintenance. Silakan coba lagi nanti.', 'general', 'Pesan yang ditampilkan saat maintenance mode', false, '2025-07-09T16:55:54.306Z', '2025-07-09T16:55:54.306Z');
INSERT INTO application_settings ("id", "key", "value", "category", "description", "is_public", "created_at", "updated_at") VALUES ('82cf2d15-f20f-4a60-93ba-d09b5770772a', 'max_file_upload_size', '10485760', 'general', 'Maksimal ukuran file upload dalam bytes (10MB)', false, '2025-07-09T16:55:54.325Z', '2025-07-09T16:55:54.325Z');
INSERT INTO application_settings ("id", "key", "value", "category", "description", "is_public", "created_at", "updated_at") VALUES ('08f2cd06-8286-46ef-850e-c4599100df57', 'allowed_file_types', 'jpg,jpeg,png,pdf,doc,docx,xls,xlsx,ppt,pptx', 'general', 'Jenis file yang diizinkan untuk upload', false, '2025-07-09T16:55:54.342Z', '2025-07-09T16:55:54.342Z');
INSERT INTO application_settings ("id", "key", "value", "category", "description", "is_public", "created_at", "updated_at") VALUES ('c3c750db-8e55-451a-8e4f-edccaa5f4636', 'backup_enabled', 'true', 'security', 'Mengaktifkan backup otomatis database', false, '2025-07-09T16:55:54.361Z', '2025-07-09T16:55:54.361Z');
INSERT INTO application_settings ("id", "key", "value", "category", "description", "is_public", "created_at", "updated_at") VALUES ('b14aa16f-eb9a-4cc0-a092-d40befdb4027', 'backup_frequency', 'daily', 'security', 'Frekuensi backup otomatis (daily, weekly, monthly)', false, '2025-07-09T16:55:54.378Z', '2025-07-09T16:55:54.378Z');

--
-- Data for table: billing_periods (9 records)
--

INSERT INTO billing_periods ("id", "plan_id", "period_type", "period_months", "price", "discount_percentage", "stripe_price_id", "is_active", "created_at", "updated_at") VALUES ('35f7e6f9-472a-47f6-a823-f2d70c9991af', 'f844f00f-a4c3-4c05-a779-a4ad36cd4662', 'monthly', 1, '99000.00', 0, NULL, true, '2025-07-09T17:17:13.379Z', '2025-07-09T17:17:13.379Z');
INSERT INTO billing_periods ("id", "plan_id", "period_type", "period_months", "price", "discount_percentage", "stripe_price_id", "is_active", "created_at", "updated_at") VALUES ('7a6a4606-7f1c-404d-be8c-3351b55a950d', 'f844f00f-a4c3-4c05-a779-a4ad36cd4662', 'quarterly', 3, '282150.00', 5, NULL, true, '2025-07-09T17:17:13.379Z', '2025-07-09T17:17:13.379Z');
INSERT INTO billing_periods ("id", "plan_id", "period_type", "period_months", "price", "discount_percentage", "stripe_price_id", "is_active", "created_at", "updated_at") VALUES ('03efeea8-fdc2-4733-9eeb-f6caf3d468b6', 'f844f00f-a4c3-4c05-a779-a4ad36cd4662', 'annual', 12, '1009800.00', 15, NULL, true, '2025-07-09T17:17:13.379Z', '2025-07-09T17:17:13.379Z');
INSERT INTO billing_periods ("id", "plan_id", "period_type", "period_months", "price", "discount_percentage", "stripe_price_id", "is_active", "created_at", "updated_at") VALUES ('54e3088a-c745-4e31-88c6-624df30c7063', '0c68af8a-6356-47f3-a7ef-b59411815756', 'monthly', 1, '299000.00', 0, NULL, true, '2025-07-09T17:17:13.379Z', '2025-07-09T17:17:13.379Z');
INSERT INTO billing_periods ("id", "plan_id", "period_type", "period_months", "price", "discount_percentage", "stripe_price_id", "is_active", "created_at", "updated_at") VALUES ('38b9d056-d998-485d-b31f-058a33c28cf8', '0c68af8a-6356-47f3-a7ef-b59411815756', 'quarterly', 3, '852150.00', 5, NULL, true, '2025-07-09T17:17:13.379Z', '2025-07-09T17:17:13.379Z');
INSERT INTO billing_periods ("id", "plan_id", "period_type", "period_months", "price", "discount_percentage", "stripe_price_id", "is_active", "created_at", "updated_at") VALUES ('cf279e90-0b03-4eff-9e2f-fd8220551082', '0c68af8a-6356-47f3-a7ef-b59411815756', 'annual', 12, '3049800.00', 15, NULL, true, '2025-07-09T17:17:13.379Z', '2025-07-09T17:17:13.379Z');
INSERT INTO billing_periods ("id", "plan_id", "period_type", "period_months", "price", "discount_percentage", "stripe_price_id", "is_active", "created_at", "updated_at") VALUES ('c0ec47fb-a463-4ba9-8148-5c75f684c3e6', 'b30e1589-0ef6-4cb6-86b3-8aba177ac82d', 'monthly', 1, '749000.00', 0, NULL, true, '2025-07-09T17:17:13.379Z', '2025-07-09T17:17:13.379Z');
INSERT INTO billing_periods ("id", "plan_id", "period_type", "period_months", "price", "discount_percentage", "stripe_price_id", "is_active", "created_at", "updated_at") VALUES ('b77235ed-204d-41cf-9939-8213b942f15f', 'b30e1589-0ef6-4cb6-86b3-8aba177ac82d', 'quarterly', 3, '2134650.00', 5, NULL, true, '2025-07-09T17:17:13.379Z', '2025-07-09T17:17:13.379Z');
INSERT INTO billing_periods ("id", "plan_id", "period_type", "period_months", "price", "discount_percentage", "stripe_price_id", "is_active", "created_at", "updated_at") VALUES ('f7103d98-b711-423c-a1d0-844dc0e5c879', 'b30e1589-0ef6-4cb6-86b3-8aba177ac82d', 'annual', 12, '7639800.00', 15, NULL, true, '2025-07-09T17:17:13.379Z', '2025-07-09T17:17:13.379Z');

--
-- Data for table: check_ins (1 records)
--

INSERT INTO check_ins ("id", "key_result_id", "value", "notes", "confidence", "created_at", "created_by") VALUES ('3a7d3814-9eb5-4a3b-90a1-ae14cec2710f', 'fb434d89-c83f-461c-bedd-d98b990dfe2f', '350.00', 'Good progress on database query optimization', 80, '2025-07-09T17:17:08.051Z', 'd26cc3e4-1237-410b-abd3-44332b6c2897');

--
-- Data for table: cycles (2 records)
--

INSERT INTO cycles ("id", "name", "type", "start_date", "end_date", "status", "description") VALUES ('d9294c13-41bf-405c-a287-48a45370feff', 'Q1 2025', 'quarterly', '2025-01-01', '2025-03-31', 'completed', 'First quarter objectives for 2025');
INSERT INTO cycles ("id", "name", "type", "start_date", "end_date", "status", "description") VALUES ('363af44f-d89f-4097-9be6-62684e8dc81f', 'Triwulanan - Juli 2025', 'quarterly', '2025-07-01T00:00:00.000Z', '2025-08-31T00:00:00.000Z', 'active', 'Siklus pertama dari hasil onboarding perusahaan - penjualan');

-- No data in table daily_reflections

-- No data in table emoji_reactions

-- No data in table initiative_documents

-- No data in table initiative_members

-- No data in table initiative_notes

-- No data in table initiative_success_metrics

--
-- Data for table: initiatives (19 records)
--

INSERT INTO initiatives ("id", "key_result_id", "title", "description", "status", "priority", "due_date", "created_at", "created_by", "pic_id", "start_date", "completed_at", "budget", "progress_percentage", "updated_at", "impact_score", "effort_score", "confidence_score", "priority_score", "budget_used", "final_result", "learning_insights", "closure_notes", "attachment_urls", "closed_by", "closed_at") VALUES ('bfb33c0f-1905-46e4-b40e-fd1b05e6c8b4', 'fb434d89-c83f-461c-bedd-d98b990dfe2f', 'Database Query Optimization', 'Optimize slow database queries and add proper indexing', 'in_progress', 'medium', '2025-02-28T00:00:00.000Z', '2025-07-09T17:17:08.077Z', '5cb5c87c-384d-4c92-ad1f-15fe74a1702c', NULL, NULL, NULL, NULL, 0, '2025-07-09T17:17:08.077Z', 5, 5, 5, '5.00', NULL, NULL, NULL, NULL, NULL, NULL, NULL);
INSERT INTO initiatives ("id", "key_result_id", "title", "description", "status", "priority", "due_date", "created_at", "created_by", "pic_id", "start_date", "completed_at", "budget", "progress_percentage", "updated_at", "impact_score", "effort_score", "confidence_score", "priority_score", "budget_used", "final_result", "learning_insights", "closure_notes", "attachment_urls", "closed_by", "closed_at") VALUES ('be927fb7-b367-482e-8663-a958811d58ee', 'cfcca17a-c0f2-4055-8ba8-bfc5d9760263', 'Menjalankan kampanye promosi bulanan dengan diskon 20%', 'Inisiatif dari hasil onboarding', 'draft', 'medium', NULL, '2025-07-09T18:26:57.980Z', 'b7dd3960-5a94-42e5-8415-3f5088452ec6', 'b7dd3960-5a94-42e5-8415-3f5088452ec6', NULL, NULL, NULL, 0, '2025-07-09T18:26:57.980Z', 3, 3, 3, '3.00', NULL, NULL, NULL, NULL, NULL, NULL, NULL);
INSERT INTO initiatives ("id", "key_result_id", "title", "description", "status", "priority", "due_date", "created_at", "created_by", "pic_id", "start_date", "completed_at", "budget", "progress_percentage", "updated_at", "impact_score", "effort_score", "confidence_score", "priority_score", "budget_used", "final_result", "learning_insights", "closure_notes", "attachment_urls", "closed_by", "closed_at") VALUES ('731b9cae-6078-42e0-b9d4-9a25370ac514', 'cfcca17a-c0f2-4055-8ba8-bfc5d9760263', 'Melatih sales team untuk closing technique', 'Inisiatif dari hasil onboarding', 'draft', 'medium', NULL, '2025-07-09T18:26:57.980Z', 'b7dd3960-5a94-42e5-8415-3f5088452ec6', 'b7dd3960-5a94-42e5-8415-3f5088452ec6', NULL, NULL, NULL, 0, '2025-07-09T18:26:57.980Z', 3, 3, 3, '3.00', NULL, NULL, NULL, NULL, NULL, NULL, NULL);
INSERT INTO initiatives ("id", "key_result_id", "title", "description", "status", "priority", "due_date", "created_at", "created_by", "pic_id", "start_date", "completed_at", "budget", "progress_percentage", "updated_at", "impact_score", "effort_score", "confidence_score", "priority_score", "budget_used", "final_result", "learning_insights", "closure_notes", "attachment_urls", "closed_by", "closed_at") VALUES ('db0d5386-a7f5-4bee-b897-644d65e7f95f', 'cfcca17a-c0f2-4055-8ba8-bfc5d9760263', 'Membuat program bundling produk dengan harga spesial', 'Inisiatif dari hasil onboarding', 'draft', 'medium', NULL, '2025-07-09T18:26:57.980Z', 'b7dd3960-5a94-42e5-8415-3f5088452ec6', 'b7dd3960-5a94-42e5-8415-3f5088452ec6', NULL, NULL, NULL, 0, '2025-07-09T18:26:57.980Z', 3, 3, 3, '3.00', NULL, NULL, NULL, NULL, NULL, NULL, NULL);
INSERT INTO initiatives ("id", "key_result_id", "title", "description", "status", "priority", "due_date", "created_at", "created_by", "pic_id", "start_date", "completed_at", "budget", "progress_percentage", "updated_at", "impact_score", "effort_score", "confidence_score", "priority_score", "budget_used", "final_result", "learning_insights", "closure_notes", "attachment_urls", "closed_by", "closed_at") VALUES ('10348f0a-50a0-4b73-962f-0b3e13ba0b47', '17c1f28c-8efb-4f2c-8254-9a713ebf7d45', 'Menjalankan kampanye promosi bulanan dengan diskon 20%', 'Inisiatif dari hasil onboarding', 'draft', 'medium', NULL, '2025-07-10T02:11:18.941Z', 'ff7372d7-0c07-40b3-a76a-7c745b89f7a5', 'ff7372d7-0c07-40b3-a76a-7c745b89f7a5', NULL, NULL, NULL, 0, '2025-07-10T02:11:18.941Z', 3, 3, 3, '3.00', NULL, NULL, NULL, NULL, NULL, NULL, NULL);
INSERT INTO initiatives ("id", "key_result_id", "title", "description", "status", "priority", "due_date", "created_at", "created_by", "pic_id", "start_date", "completed_at", "budget", "progress_percentage", "updated_at", "impact_score", "effort_score", "confidence_score", "priority_score", "budget_used", "final_result", "learning_insights", "closure_notes", "attachment_urls", "closed_by", "closed_at") VALUES ('0a052cb4-4496-4cb1-81ee-b41a60ef729c', '17c1f28c-8efb-4f2c-8254-9a713ebf7d45', 'Melatih sales team untuk closing technique', 'Inisiatif dari hasil onboarding', 'draft', 'medium', NULL, '2025-07-10T02:11:18.941Z', 'ff7372d7-0c07-40b3-a76a-7c745b89f7a5', 'ff7372d7-0c07-40b3-a76a-7c745b89f7a5', NULL, NULL, NULL, 0, '2025-07-10T02:11:18.941Z', 3, 3, 3, '3.00', NULL, NULL, NULL, NULL, NULL, NULL, NULL);
INSERT INTO initiatives ("id", "key_result_id", "title", "description", "status", "priority", "due_date", "created_at", "created_by", "pic_id", "start_date", "completed_at", "budget", "progress_percentage", "updated_at", "impact_score", "effort_score", "confidence_score", "priority_score", "budget_used", "final_result", "learning_insights", "closure_notes", "attachment_urls", "closed_by", "closed_at") VALUES ('509ced93-5976-4038-b5d1-30ed4414ea9e', '17c1f28c-8efb-4f2c-8254-9a713ebf7d45', 'Membuat program bundling produk dengan harga spesial', 'Inisiatif dari hasil onboarding', 'draft', 'medium', NULL, '2025-07-10T02:11:18.941Z', 'ff7372d7-0c07-40b3-a76a-7c745b89f7a5', 'ff7372d7-0c07-40b3-a76a-7c745b89f7a5', NULL, NULL, NULL, 0, '2025-07-10T02:11:18.941Z', 3, 3, 3, '3.00', NULL, NULL, NULL, NULL, NULL, NULL, NULL);
INSERT INTO initiatives ("id", "key_result_id", "title", "description", "status", "priority", "due_date", "created_at", "created_by", "pic_id", "start_date", "completed_at", "budget", "progress_percentage", "updated_at", "impact_score", "effort_score", "confidence_score", "priority_score", "budget_used", "final_result", "learning_insights", "closure_notes", "attachment_urls", "closed_by", "closed_at") VALUES ('bf884146-c37c-486b-be45-e41563fc5681', 'e53bf12b-7899-4004-81f2-2f6047a4c8f5', 'Menjalankan kampanye promosi bulanan dengan diskon 20%', 'Inisiatif dari hasil onboarding', 'draft', 'medium', NULL, '2025-07-10T04:14:13.729Z', '72279bc5-a4ce-40b7-af12-52a9dbeacfde', '72279bc5-a4ce-40b7-af12-52a9dbeacfde', NULL, NULL, NULL, 0, '2025-07-10T04:14:13.729Z', 3, 3, 3, '3.00', NULL, NULL, NULL, NULL, NULL, NULL, NULL);
INSERT INTO initiatives ("id", "key_result_id", "title", "description", "status", "priority", "due_date", "created_at", "created_by", "pic_id", "start_date", "completed_at", "budget", "progress_percentage", "updated_at", "impact_score", "effort_score", "confidence_score", "priority_score", "budget_used", "final_result", "learning_insights", "closure_notes", "attachment_urls", "closed_by", "closed_at") VALUES ('3867eab2-e747-42dd-bc26-f88b620ebc0c', 'e53bf12b-7899-4004-81f2-2f6047a4c8f5', 'Melatih sales team untuk closing technique', 'Inisiatif dari hasil onboarding', 'draft', 'medium', NULL, '2025-07-10T04:14:13.729Z', '72279bc5-a4ce-40b7-af12-52a9dbeacfde', '72279bc5-a4ce-40b7-af12-52a9dbeacfde', NULL, NULL, NULL, 0, '2025-07-10T04:14:13.729Z', 3, 3, 3, '3.00', NULL, NULL, NULL, NULL, NULL, NULL, NULL);
INSERT INTO initiatives ("id", "key_result_id", "title", "description", "status", "priority", "due_date", "created_at", "created_by", "pic_id", "start_date", "completed_at", "budget", "progress_percentage", "updated_at", "impact_score", "effort_score", "confidence_score", "priority_score", "budget_used", "final_result", "learning_insights", "closure_notes", "attachment_urls", "closed_by", "closed_at") VALUES ('8ed09f42-42fa-4949-93af-08aa9df65580', 'e53bf12b-7899-4004-81f2-2f6047a4c8f5', 'Membuat program bundling produk dengan harga spesial', 'Inisiatif dari hasil onboarding', 'draft', 'medium', NULL, '2025-07-10T04:14:13.729Z', '72279bc5-a4ce-40b7-af12-52a9dbeacfde', '72279bc5-a4ce-40b7-af12-52a9dbeacfde', NULL, NULL, NULL, 0, '2025-07-10T04:14:13.729Z', 3, 3, 3, '3.00', NULL, NULL, NULL, NULL, NULL, NULL, NULL);
INSERT INTO initiatives ("id", "key_result_id", "title", "description", "status", "priority", "due_date", "created_at", "created_by", "pic_id", "start_date", "completed_at", "budget", "progress_percentage", "updated_at", "impact_score", "effort_score", "confidence_score", "priority_score", "budget_used", "final_result", "learning_insights", "closure_notes", "attachment_urls", "closed_by", "closed_at") VALUES ('2cda9c5d-9328-4b3a-ae8f-0a9dba96f0c0', 'f64e73a1-6ae8-4d6c-b0be-76bf90a41404', 'Menjalankan kampanye promosi bulanan dengan diskon 20%', 'Inisiatif dari hasil onboarding', 'draft', 'medium', NULL, '2025-07-10T04:22:08.321Z', '72279bc5-a4ce-40b7-af12-52a9dbeacfde', '72279bc5-a4ce-40b7-af12-52a9dbeacfde', NULL, NULL, NULL, 0, '2025-07-10T04:22:08.321Z', 3, 3, 3, '3.00', NULL, NULL, NULL, NULL, NULL, NULL, NULL);
INSERT INTO initiatives ("id", "key_result_id", "title", "description", "status", "priority", "due_date", "created_at", "created_by", "pic_id", "start_date", "completed_at", "budget", "progress_percentage", "updated_at", "impact_score", "effort_score", "confidence_score", "priority_score", "budget_used", "final_result", "learning_insights", "closure_notes", "attachment_urls", "closed_by", "closed_at") VALUES ('884c2e51-358b-4bd3-b5f3-65d540d049a5', 'f64e73a1-6ae8-4d6c-b0be-76bf90a41404', 'Melatih sales team untuk closing technique', 'Inisiatif dari hasil onboarding', 'draft', 'medium', NULL, '2025-07-10T04:22:08.321Z', '72279bc5-a4ce-40b7-af12-52a9dbeacfde', '72279bc5-a4ce-40b7-af12-52a9dbeacfde', NULL, NULL, NULL, 0, '2025-07-10T04:22:08.321Z', 3, 3, 3, '3.00', NULL, NULL, NULL, NULL, NULL, NULL, NULL);
INSERT INTO initiatives ("id", "key_result_id", "title", "description", "status", "priority", "due_date", "created_at", "created_by", "pic_id", "start_date", "completed_at", "budget", "progress_percentage", "updated_at", "impact_score", "effort_score", "confidence_score", "priority_score", "budget_used", "final_result", "learning_insights", "closure_notes", "attachment_urls", "closed_by", "closed_at") VALUES ('5e74f50d-2541-464c-8906-9c07aa189e38', 'f64e73a1-6ae8-4d6c-b0be-76bf90a41404', 'Membuat program bundling produk dengan harga spesial', 'Inisiatif dari hasil onboarding', 'draft', 'medium', NULL, '2025-07-10T04:22:08.321Z', '72279bc5-a4ce-40b7-af12-52a9dbeacfde', '72279bc5-a4ce-40b7-af12-52a9dbeacfde', NULL, NULL, NULL, 0, '2025-07-10T04:22:08.321Z', 3, 3, 3, '3.00', NULL, NULL, NULL, NULL, NULL, NULL, NULL);
INSERT INTO initiatives ("id", "key_result_id", "title", "description", "status", "priority", "due_date", "created_at", "created_by", "pic_id", "start_date", "completed_at", "budget", "progress_percentage", "updated_at", "impact_score", "effort_score", "confidence_score", "priority_score", "budget_used", "final_result", "learning_insights", "closure_notes", "attachment_urls", "closed_by", "closed_at") VALUES ('6cf5b726-966c-48a6-88d6-6c12f4630c7a', 'cd8052d3-9f7d-4db2-9280-b1566a8ebd7b', 'Menjalankan kampanye promosi bulanan dengan diskon 20%', 'Inisiatif dari hasil onboarding', 'draft', 'medium', '2025-07-31T00:33:47.945Z', '2025-07-10T04:23:00.739Z', '72279bc5-a4ce-40b7-af12-52a9dbeacfde', '72279bc5-a4ce-40b7-af12-52a9dbeacfde', NULL, NULL, NULL, 0, '2025-07-10T04:23:00.739Z', 3, 3, 3, '3.00', NULL, NULL, NULL, NULL, NULL, NULL, NULL);
INSERT INTO initiatives ("id", "key_result_id", "title", "description", "status", "priority", "due_date", "created_at", "created_by", "pic_id", "start_date", "completed_at", "budget", "progress_percentage", "updated_at", "impact_score", "effort_score", "confidence_score", "priority_score", "budget_used", "final_result", "learning_insights", "closure_notes", "attachment_urls", "closed_by", "closed_at") VALUES ('97d8c409-76b7-44cc-855f-5761b06bdc0e', 'cd8052d3-9f7d-4db2-9280-b1566a8ebd7b', 'Melatih sales team untuk closing technique', 'Inisiatif dari hasil onboarding', 'draft', 'medium', '2025-08-01T12:48:24.899Z', '2025-07-10T04:23:00.739Z', '72279bc5-a4ce-40b7-af12-52a9dbeacfde', '72279bc5-a4ce-40b7-af12-52a9dbeacfde', NULL, NULL, NULL, 0, '2025-07-10T04:23:00.739Z', 3, 3, 3, '3.00', NULL, NULL, NULL, NULL, NULL, NULL, NULL);
INSERT INTO initiatives ("id", "key_result_id", "title", "description", "status", "priority", "due_date", "created_at", "created_by", "pic_id", "start_date", "completed_at", "budget", "progress_percentage", "updated_at", "impact_score", "effort_score", "confidence_score", "priority_score", "budget_used", "final_result", "learning_insights", "closure_notes", "attachment_urls", "closed_by", "closed_at") VALUES ('555b03dd-5f12-488e-b060-36c439a8c313', 'cd8052d3-9f7d-4db2-9280-b1566a8ebd7b', 'Membuat program bundling produk dengan harga spesial', 'Inisiatif dari hasil onboarding', 'draft', 'medium', '2025-07-31T00:09:23.717Z', '2025-07-10T04:23:00.739Z', '72279bc5-a4ce-40b7-af12-52a9dbeacfde', '72279bc5-a4ce-40b7-af12-52a9dbeacfde', NULL, NULL, NULL, 0, '2025-07-10T04:23:00.739Z', 3, 3, 3, '3.00', NULL, NULL, NULL, NULL, NULL, NULL, NULL);
INSERT INTO initiatives ("id", "key_result_id", "title", "description", "status", "priority", "due_date", "created_at", "created_by", "pic_id", "start_date", "completed_at", "budget", "progress_percentage", "updated_at", "impact_score", "effort_score", "confidence_score", "priority_score", "budget_used", "final_result", "learning_insights", "closure_notes", "attachment_urls", "closed_by", "closed_at") VALUES ('31acc666-f442-4c8f-aa7d-15a45901d6a1', '841c0c8d-01db-416c-91fd-033cc93a615b', 'Menjalankan kampanye promosi bulanan dengan diskon 20%', 'Inisiatif dari hasil onboarding', 'draft', 'medium', '2025-11-17T23:33:40.134Z', '2025-07-10T05:07:24.536Z', 'ff1f458e-af29-4b1b-aa16-2e6b32833e6a', 'ff1f458e-af29-4b1b-aa16-2e6b32833e6a', NULL, NULL, NULL, 0, '2025-07-10T05:07:24.536Z', 3, 3, 3, '3.00', NULL, NULL, NULL, NULL, NULL, NULL, NULL);
INSERT INTO initiatives ("id", "key_result_id", "title", "description", "status", "priority", "due_date", "created_at", "created_by", "pic_id", "start_date", "completed_at", "budget", "progress_percentage", "updated_at", "impact_score", "effort_score", "confidence_score", "priority_score", "budget_used", "final_result", "learning_insights", "closure_notes", "attachment_urls", "closed_by", "closed_at") VALUES ('8020c867-e0fe-4797-ae1a-3ac4bbfec977', '92252d79-3b2a-45a4-8a7d-1f9224665f48', 'Menjalankan kampanye promosi bulanan dengan diskon 20%', 'Inisiatif dari hasil onboarding', 'draft', 'medium', '2025-08-01T20:35:48.575Z', '2025-07-10T05:28:49.107Z', '955b3705-14e4-4fd7-afa0-47d8e2475edf', '955b3705-14e4-4fd7-afa0-47d8e2475edf', NULL, NULL, NULL, 0, '2025-07-10T05:28:49.107Z', 3, 3, 3, '3.00', NULL, NULL, NULL, NULL, NULL, NULL, NULL);
INSERT INTO initiatives ("id", "key_result_id", "title", "description", "status", "priority", "due_date", "created_at", "created_by", "pic_id", "start_date", "completed_at", "budget", "progress_percentage", "updated_at", "impact_score", "effort_score", "confidence_score", "priority_score", "budget_used", "final_result", "learning_insights", "closure_notes", "attachment_urls", "closed_by", "closed_at") VALUES ('4dd866e6-2e68-4f47-8bf9-610adf68fa76', '92252d79-3b2a-45a4-8a7d-1f9224665f48', 'Membuat program bundling produk dengan harga spesial', 'Inisiatif dari hasil onboarding', 'draft', 'medium', '2025-07-20T10:44:19.896Z', '2025-07-10T05:28:49.107Z', '955b3705-14e4-4fd7-afa0-47d8e2475edf', '955b3705-14e4-4fd7-afa0-47d8e2475edf', NULL, NULL, NULL, 0, '2025-07-10T05:28:49.107Z', 3, 3, 3, '3.00', NULL, NULL, NULL, NULL, NULL, NULL, NULL);

-- No data in table invoice_line_items

-- No data in table invoices

--
-- Data for table: key_results (15 records)
--

INSERT INTO key_results ("id", "objective_id", "title", "description", "current_value", "target_value", "base_value", "unit", "key_result_type", "status", "last_updated", "confidence", "time_progress_percentage", "assigned_to") VALUES ('fb434d89-c83f-461c-bedd-d98b990dfe2f', '3fe7b8fc-9bed-41ee-9d0d-935f34b3c7f6', 'Reduce API Response Time', 'Optimize database queries and API endpoints', '250.00', '100.00', '500.00', 'number', 'decrease_to', 'on_track', '2025-07-09T17:17:08.028Z', 75, 25, NULL);
INSERT INTO key_results ("id", "objective_id", "title", "description", "current_value", "target_value", "base_value", "unit", "key_result_type", "status", "last_updated", "confidence", "time_progress_percentage", "assigned_to") VALUES ('f66ffab0-d566-46e9-8136-af7c31bf202a', '66f27cfe-f21f-4616-8202-e4e24e235e0b', 'Increase User Satisfaction Score', 'Improve overall user experience rating', '4.20', '4.80', '4.00', 'number', 'increase_to', 'not_started', '2025-07-09T17:17:08.028Z', 60, 0, NULL);
INSERT INTO key_results ("id", "objective_id", "title", "description", "current_value", "target_value", "base_value", "unit", "key_result_type", "status", "last_updated", "confidence", "time_progress_percentage", "assigned_to") VALUES ('cfcca17a-c0f2-4055-8ba8-bfc5d9760263', 'abb6be85-cb01-4e10-bd84-5375cc7eb0c4', 'Mencapai target penjualan Rp 500 juta per bulan', 'Key result dari hasil onboarding', '0.00', '100.00', NULL, 'percentage', 'increase_to', 'on_track', '2025-07-09T18:26:57.937Z', 5, 0, 'b7dd3960-5a94-42e5-8415-3f5088452ec6');
INSERT INTO key_results ("id", "objective_id", "title", "description", "current_value", "target_value", "base_value", "unit", "key_result_type", "status", "last_updated", "confidence", "time_progress_percentage", "assigned_to") VALUES ('134a0d3e-c7f9-4031-be1c-9593ad9e6289', 'abb6be85-cb01-4e10-bd84-5375cc7eb0c4', 'Meningkatkan rata-rata nilai transaksi menjadi Rp 2 juta', 'Key result dari hasil onboarding', '0.00', '100.00', NULL, 'percentage', 'increase_to', 'on_track', '2025-07-09T18:26:57.937Z', 5, 0, 'b7dd3960-5a94-42e5-8415-3f5088452ec6');
INSERT INTO key_results ("id", "objective_id", "title", "description", "current_value", "target_value", "base_value", "unit", "key_result_type", "status", "last_updated", "confidence", "time_progress_percentage", "assigned_to") VALUES ('17c1f28c-8efb-4f2c-8254-9a713ebf7d45', '083f9717-08ed-4fa8-86a0-ec03e91f5b64', 'Mencapai target penjualan Rp 500 juta per bulan', 'Key result dari hasil onboarding', '0.00', '100.00', NULL, 'percentage', 'increase_to', 'on_track', '2025-07-10T02:11:18.893Z', 5, 0, 'ff7372d7-0c07-40b3-a76a-7c745b89f7a5');
INSERT INTO key_results ("id", "objective_id", "title", "description", "current_value", "target_value", "base_value", "unit", "key_result_type", "status", "last_updated", "confidence", "time_progress_percentage", "assigned_to") VALUES ('9c84c1e8-a8ea-4bb9-950c-5e7622956135', '083f9717-08ed-4fa8-86a0-ec03e91f5b64', 'Meningkatkan rata-rata nilai transaksi menjadi Rp 2 juta', 'Key result dari hasil onboarding', '0.00', '100.00', NULL, 'percentage', 'increase_to', 'on_track', '2025-07-10T02:11:18.893Z', 5, 0, 'ff7372d7-0c07-40b3-a76a-7c745b89f7a5');
INSERT INTO key_results ("id", "objective_id", "title", "description", "current_value", "target_value", "base_value", "unit", "key_result_type", "status", "last_updated", "confidence", "time_progress_percentage", "assigned_to") VALUES ('e53bf12b-7899-4004-81f2-2f6047a4c8f5', 'cfe90273-d75f-45a4-b2e7-858da89d636f', 'Mencapai target penjualan Rp 500 juta per bulan', 'Key result dari hasil onboarding', '0.00', '100.00', NULL, 'percentage', 'increase_to', 'on_track', '2025-07-10T04:14:13.647Z', 5, 0, '72279bc5-a4ce-40b7-af12-52a9dbeacfde');
INSERT INTO key_results ("id", "objective_id", "title", "description", "current_value", "target_value", "base_value", "unit", "key_result_type", "status", "last_updated", "confidence", "time_progress_percentage", "assigned_to") VALUES ('8df957bc-e060-4c0f-9d8d-d07b141b8c4a', 'cfe90273-d75f-45a4-b2e7-858da89d636f', 'Meningkatkan rata-rata nilai transaksi menjadi Rp 2 juta', 'Key result dari hasil onboarding', '0.00', '100.00', NULL, 'percentage', 'increase_to', 'on_track', '2025-07-10T04:14:13.647Z', 5, 0, '72279bc5-a4ce-40b7-af12-52a9dbeacfde');
INSERT INTO key_results ("id", "objective_id", "title", "description", "current_value", "target_value", "base_value", "unit", "key_result_type", "status", "last_updated", "confidence", "time_progress_percentage", "assigned_to") VALUES ('f64e73a1-6ae8-4d6c-b0be-76bf90a41404', 'd19cc8dd-6ea9-4bb7-94ee-0c02a0b399ac', 'Mencapai target penjualan Rp 500 juta per bulan', 'Key result dari hasil onboarding', '0.00', '100.00', NULL, 'percentage', 'increase_to', 'on_track', '2025-07-10T04:22:08.262Z', 5, 0, '72279bc5-a4ce-40b7-af12-52a9dbeacfde');
INSERT INTO key_results ("id", "objective_id", "title", "description", "current_value", "target_value", "base_value", "unit", "key_result_type", "status", "last_updated", "confidence", "time_progress_percentage", "assigned_to") VALUES ('8f890c24-dcc0-40b0-a5bf-5b907bd55b65', 'd19cc8dd-6ea9-4bb7-94ee-0c02a0b399ac', 'Meningkatkan rata-rata nilai transaksi menjadi Rp 2 juta', 'Key result dari hasil onboarding', '0.00', '100.00', NULL, 'percentage', 'increase_to', 'on_track', '2025-07-10T04:22:08.262Z', 5, 0, '72279bc5-a4ce-40b7-af12-52a9dbeacfde');
INSERT INTO key_results ("id", "objective_id", "title", "description", "current_value", "target_value", "base_value", "unit", "key_result_type", "status", "last_updated", "confidence", "time_progress_percentage", "assigned_to") VALUES ('cd8052d3-9f7d-4db2-9280-b1566a8ebd7b', '884bfc71-6ac7-4f31-82b8-65740de713d7', 'Mencapai target penjualan Rp 500 juta per bulan', 'Key result dari hasil onboarding', '0.00', '100.00', NULL, 'percentage', 'increase_to', 'on_track', '2025-07-10T04:23:00.698Z', 5, 0, '72279bc5-a4ce-40b7-af12-52a9dbeacfde');
INSERT INTO key_results ("id", "objective_id", "title", "description", "current_value", "target_value", "base_value", "unit", "key_result_type", "status", "last_updated", "confidence", "time_progress_percentage", "assigned_to") VALUES ('6001db9a-8a4e-487f-a541-99859c153a38', '884bfc71-6ac7-4f31-82b8-65740de713d7', 'Meningkatkan rata-rata nilai transaksi menjadi Rp 2 juta', 'Key result dari hasil onboarding', '0.00', '100.00', NULL, 'percentage', 'increase_to', 'on_track', '2025-07-10T04:23:00.698Z', 5, 0, '72279bc5-a4ce-40b7-af12-52a9dbeacfde');
INSERT INTO key_results ("id", "objective_id", "title", "description", "current_value", "target_value", "base_value", "unit", "key_result_type", "status", "last_updated", "confidence", "time_progress_percentage", "assigned_to") VALUES ('841c0c8d-01db-416c-91fd-033cc93a615b', 'cc2c92cd-983c-4b3e-a6d4-4c515b30347e', 'Mencapai target penjualan Rp 500 juta per bulan', 'Key result dari hasil onboarding', '0.00', '100.00', NULL, 'percentage', 'increase_to', 'on_track', '2025-07-10T05:07:24.497Z', 5, 0, 'ff1f458e-af29-4b1b-aa16-2e6b32833e6a');
INSERT INTO key_results ("id", "objective_id", "title", "description", "current_value", "target_value", "base_value", "unit", "key_result_type", "status", "last_updated", "confidence", "time_progress_percentage", "assigned_to") VALUES ('92252d79-3b2a-45a4-8a7d-1f9224665f48', '07b53487-696c-45d4-ae4b-5c5dea9022ba', 'Mencapai target penjualan Rp 500 juta per bulan', 'Key result dari hasil onboarding', '0.00', '100.00', NULL, 'percentage', 'increase_to', 'on_track', '2025-07-10T05:28:49.054Z', 5, 0, '955b3705-14e4-4fd7-afa0-47d8e2475edf');
INSERT INTO key_results ("id", "objective_id", "title", "description", "current_value", "target_value", "base_value", "unit", "key_result_type", "status", "last_updated", "confidence", "time_progress_percentage", "assigned_to") VALUES ('8a24eb46-9fda-4b5e-a8d9-b3f1af068cb6', '07b53487-696c-45d4-ae4b-5c5dea9022ba', 'Meningkatkan rata-rata nilai transaksi menjadi Rp 2 juta', 'Key result dari hasil onboarding', '0.00', '100.00', NULL, 'percentage', 'increase_to', 'on_track', '2025-07-10T05:28:49.054Z', 5, 0, '955b3705-14e4-4fd7-afa0-47d8e2475edf');

-- No data in table level_rewards

--
-- Data for table: member_invitations (5 records)
--

INSERT INTO member_invitations ("id", "email", "organization_id", "invited_by", "role", "department", "job_title", "invitation_token", "status", "expires_at", "accepted_at", "created_at", "updated_at") VALUES ('0939b904-f46f-4b46-a94f-34db86465087', 'test1@example.com', '003b9e19-92f7-4c3d-98f1-a3d597a3563e', 'b7dd3960-5a94-42e5-8415-3f5088452ec6', 'member', NULL, NULL, '9d47ee4a-6d88-48cb-8f84-da39b8265954', 'pending', '2025-07-16T18:35:13.881Z', NULL, '2025-07-09T18:35:13.889Z', '2025-07-09T18:35:13.889Z');
INSERT INTO member_invitations ("id", "email", "organization_id", "invited_by", "role", "department", "job_title", "invitation_token", "status", "expires_at", "accepted_at", "created_at", "updated_at") VALUES ('3debb71c-5652-4936-acfc-29a1ba2df7ec', 'test2@example.com', '003b9e19-92f7-4c3d-98f1-a3d597a3563e', 'b7dd3960-5a94-42e5-8415-3f5088452ec6', 'member', NULL, NULL, 'a5a10bfa-cfc4-4945-8e31-37d3de5bbbfb', 'pending', '2025-07-16T18:35:14.861Z', NULL, '2025-07-09T18:35:14.870Z', '2025-07-09T18:35:14.870Z');
INSERT INTO member_invitations ("id", "email", "organization_id", "invited_by", "role", "department", "job_title", "invitation_token", "status", "expires_at", "accepted_at", "created_at", "updated_at") VALUES ('547a33bf-bff3-4869-8609-f8314f2beaae', 'nana@mail.com', '9d818f66-05e6-4f16-b086-b42a75477db4', 'ff7372d7-0c07-40b3-a76a-7c745b89f7a5', 'member', NULL, NULL, '3d769b45-436e-4a8c-bc94-34e1e26a376a', 'pending', '2025-07-17T02:11:18.978Z', NULL, '2025-07-10T02:11:18.986Z', '2025-07-10T02:11:18.986Z');
INSERT INTO member_invitations ("id", "email", "organization_id", "invited_by", "role", "department", "job_title", "invitation_token", "status", "expires_at", "accepted_at", "created_at", "updated_at") VALUES ('3e00e790-dc3f-4808-add2-4e2aa3fedbc7', 'jaja@mail.com', '9d818f66-05e6-4f16-b086-b42a75477db4', 'ff7372d7-0c07-40b3-a76a-7c745b89f7a5', 'member', NULL, NULL, '62826e8d-6bf1-4c6f-948f-f82c6f43bd85', 'pending', '2025-07-17T02:11:19.975Z', NULL, '2025-07-10T02:11:19.983Z', '2025-07-10T02:11:19.983Z');
INSERT INTO member_invitations ("id", "email", "organization_id", "invited_by", "role", "department", "job_title", "invitation_token", "status", "expires_at", "accepted_at", "created_at", "updated_at") VALUES ('6f9a4193-fc21-413e-8556-aac5137fc779', 'tata@mail.com', '9d818f66-05e6-4f16-b086-b42a75477db4', 'ff7372d7-0c07-40b3-a76a-7c745b89f7a5', 'member', NULL, NULL, 'afea5c1a-076a-4a37-8ccc-0ca24dbafb2d', 'pending', '2025-07-17T02:11:20.937Z', NULL, '2025-07-10T02:11:20.946Z', '2025-07-10T02:11:20.946Z');

-- No data in table notifications

--
-- Data for table: objectives (11 records)
--

INSERT INTO objectives ("id", "cycle_id", "title", "description", "owner", "owner_type", "owner_id", "status", "team_id", "parent_id") VALUES ('3fe7b8fc-9bed-41ee-9d0d-935f34b3c7f6', 'd9294c13-41bf-405c-a287-48a45370feff', 'Improve System Performance', 'Optimize application performance and reduce response times', 'Engineering Team', 'team', 'c39f6983-ea07-4071-9f1c-a6b996b32475', 'on_track', 'c39f6983-ea07-4071-9f1c-a6b996b32475', NULL);
INSERT INTO objectives ("id", "cycle_id", "title", "description", "owner", "owner_type", "owner_id", "status", "team_id", "parent_id") VALUES ('66f27cfe-f21f-4616-8202-e4e24e235e0b', 'd9294c13-41bf-405c-a287-48a45370feff', 'Enhance User Experience', 'Improve user interface and user experience across the platform', 'Product Team', 'user', '84b1a833-3fee-4417-b4f3-8843b9e3cd92', 'not_started', NULL, NULL);
INSERT INTO objectives ("id", "cycle_id", "title", "description", "owner", "owner_type", "owner_id", "status", "team_id", "parent_id") VALUES ('abb6be85-cb01-4e10-bd84-5375cc7eb0c4', '363af44f-d89f-4097-9be6-62684e8dc81f', 'Menciptakan pertumbuhan penjualan yang berkelanjutan dan signifikan', 'Objective pertama dari hasil onboarding (penjualan)', 'nana', 'user', 'b7dd3960-5a94-42e5-8415-3f5088452ec6', 'not_started', NULL, NULL);
INSERT INTO objectives ("id", "cycle_id", "title", "description", "owner", "owner_type", "owner_id", "status", "team_id", "parent_id") VALUES ('c0ac3e20-32ee-4d02-8cf5-b158e1652a6b', '363af44f-d89f-4097-9be6-62684e8dc81f', 'Meningkatkan penjualan Q1 2025', 'Objective pertama dari hasil onboarding (penjualan)', 'nana', 'user', 'b7dd3960-5a94-42e5-8415-3f5088452ec6', 'not_started', NULL, NULL);
INSERT INTO objectives ("id", "cycle_id", "title", "description", "owner", "owner_type", "owner_id", "status", "team_id", "parent_id") VALUES ('1e77e3cb-3944-41a8-b7be-fa50bd397ff5', '363af44f-d89f-4097-9be6-62684e8dc81f', 'Meningkatkan penjualan Q1 2025', 'Objective pertama dari hasil onboarding (penjualan)', 'nana', 'user', 'b7dd3960-5a94-42e5-8415-3f5088452ec6', 'not_started', NULL, NULL);
INSERT INTO objectives ("id", "cycle_id", "title", "description", "owner", "owner_type", "owner_id", "status", "team_id", "parent_id") VALUES ('083f9717-08ed-4fa8-86a0-ec03e91f5b64', '363af44f-d89f-4097-9be6-62684e8dc81f', 'Menciptakan pertumbuhan penjualan yang berkelanjutan dan signifikan', 'Objective pertama dari hasil onboarding (penjualan)', 'asd', 'user', 'ff7372d7-0c07-40b3-a76a-7c745b89f7a5', 'not_started', NULL, NULL);
INSERT INTO objectives ("id", "cycle_id", "title", "description", "owner", "owner_type", "owner_id", "status", "team_id", "parent_id") VALUES ('cfe90273-d75f-45a4-b2e7-858da89d636f', '363af44f-d89f-4097-9be6-62684e8dc81f', 'Menciptakan pertumbuhan penjualan yang berkelanjutan dan signifikan', 'Objective pertama dari hasil onboarding (penjualan)', 'rara', 'user', '72279bc5-a4ce-40b7-af12-52a9dbeacfde', 'not_started', NULL, NULL);
INSERT INTO objectives ("id", "cycle_id", "title", "description", "owner", "owner_type", "owner_id", "status", "team_id", "parent_id") VALUES ('d19cc8dd-6ea9-4bb7-94ee-0c02a0b399ac', '363af44f-d89f-4097-9be6-62684e8dc81f', 'Test Objective untuk Random Deadline', 'Objective pertama dari hasil onboarding (penjualan)', 'rara', 'user', '72279bc5-a4ce-40b7-af12-52a9dbeacfde', 'not_started', NULL, NULL);
INSERT INTO objectives ("id", "cycle_id", "title", "description", "owner", "owner_type", "owner_id", "status", "team_id", "parent_id") VALUES ('884bfc71-6ac7-4f31-82b8-65740de713d7', '363af44f-d89f-4097-9be6-62684e8dc81f', 'Test Objective untuk Random Deadline', 'Objective pertama dari hasil onboarding (penjualan)', 'rara', 'user', '72279bc5-a4ce-40b7-af12-52a9dbeacfde', 'not_started', NULL, NULL);
INSERT INTO objectives ("id", "cycle_id", "title", "description", "owner", "owner_type", "owner_id", "status", "team_id", "parent_id") VALUES ('cc2c92cd-983c-4b3e-a6d4-4c515b30347e', '363af44f-d89f-4097-9be6-62684e8dc81f', 'Menciptakan pertumbuhan penjualan yang berkelanjutan dan signifikan', 'Objective pertama dari hasil onboarding (penjualan)', 'jojo', 'user', 'ff1f458e-af29-4b1b-aa16-2e6b32833e6a', 'not_started', NULL, NULL);
INSERT INTO objectives ("id", "cycle_id", "title", "description", "owner", "owner_type", "owner_id", "status", "team_id", "parent_id") VALUES ('07b53487-696c-45d4-ae4b-5c5dea9022ba', '363af44f-d89f-4097-9be6-62684e8dc81f', 'Menciptakan pertumbuhan penjualan yang berkelanjutan dan signifikan', 'Objective pertama dari hasil onboarding (penjualan)', 'mimi', 'user', '955b3705-14e4-4fd7-afa0-47d8e2475edf', 'not_started', NULL, NULL);

-- No data in table organization_add_on_subscriptions

--
-- Data for table: organization_subscriptions (3 records)
--

INSERT INTO organization_subscriptions ("id", "organization_id", "plan_id", "status", "current_period_start", "current_period_end", "cancel_at", "cancelled_at", "trial_start", "trial_end", "stripe_subscription_id", "stripe_customer_id", "metadata", "created_at", "updated_at") VALUES ('687bd340-c85b-49a9-9343-14fc3d42c628', 'd34a8b3f-9fbd-409e-a077-72bbfd8c4e42', '0c68af8a-6356-47f3-a7ef-b59411815756', 'active', '2025-07-09T17:17:13.422Z', '2025-10-07T17:17:13.422Z', NULL, NULL, NULL, NULL, NULL, NULL, NULL, '2025-07-09T17:17:13.433Z', '2025-07-09T17:17:13.433Z');
INSERT INTO organization_subscriptions ("id", "organization_id", "plan_id", "status", "current_period_start", "current_period_end", "cancel_at", "cancelled_at", "trial_start", "trial_end", "stripe_subscription_id", "stripe_customer_id", "metadata", "created_at", "updated_at") VALUES ('16a9eb7e-84b1-4d6d-aca1-7603138b9124', '0f4bbfa3-10ca-426a-8f6d-97b5e26d30c9', 'f844f00f-a4c3-4c05-a779-a4ad36cd4662', 'active', '2025-07-09T17:17:13.422Z', '2025-08-08T17:17:13.422Z', NULL, NULL, NULL, NULL, NULL, NULL, NULL, '2025-07-09T17:17:13.433Z', '2025-07-09T17:17:13.433Z');
INSERT INTO organization_subscriptions ("id", "organization_id", "plan_id", "status", "current_period_start", "current_period_end", "cancel_at", "cancelled_at", "trial_start", "trial_end", "stripe_subscription_id", "stripe_customer_id", "metadata", "created_at", "updated_at") VALUES ('a792ab9a-2f3f-4437-a1cb-80cf92ff5ae8', 'ee1e567a-3857-4026-8359-ee755d4e83cf', 'b30e1589-0ef6-4cb6-86b3-8aba177ac82d', 'active', '2025-07-09T17:17:13.422Z', '2026-07-09T17:17:13.422Z', NULL, NULL, NULL, NULL, NULL, NULL, NULL, '2025-07-09T17:17:13.433Z', '2025-07-09T17:17:13.433Z');

--
-- Data for table: organizations (13 records)
--

INSERT INTO organizations ("id", "name", "slug", "logo", "website", "industry", "size", "created_at", "updated_at", "owner_id", "registration_status", "approved_by", "approved_at", "rejected_by", "rejected_at", "rejection_reason", "is_active", "onboarding_completed", "onboarding_completed_at", "onboarding_data") VALUES ('d34a8b3f-9fbd-409e-a077-72bbfd8c4e42', 'PT Teknologi Maju', 'teknologi-maju', NULL, 'https://teknologimaju.co.id', 'Technology', '11-50', '2025-07-09T17:17:13.404Z', '2025-07-09T17:17:13.404Z', NULL, 'pending', NULL, NULL, NULL, NULL, NULL, true, false, NULL, NULL);
INSERT INTO organizations ("id", "name", "slug", "logo", "website", "industry", "size", "created_at", "updated_at", "owner_id", "registration_status", "approved_by", "approved_at", "rejected_by", "rejected_at", "rejection_reason", "is_active", "onboarding_completed", "onboarding_completed_at", "onboarding_data") VALUES ('0f4bbfa3-10ca-426a-8f6d-97b5e26d30c9', 'CV Kreatif Indonesia', 'kreatif-indonesia', NULL, 'https://kreatifindonesia.id', 'Creative Agency', '1-10', '2025-07-09T17:17:13.404Z', '2025-07-09T17:17:13.404Z', NULL, 'pending', NULL, NULL, NULL, NULL, NULL, true, false, NULL, NULL);
INSERT INTO organizations ("id", "name", "slug", "logo", "website", "industry", "size", "created_at", "updated_at", "owner_id", "registration_status", "approved_by", "approved_at", "rejected_by", "rejected_at", "rejection_reason", "is_active", "onboarding_completed", "onboarding_completed_at", "onboarding_data") VALUES ('ee1e567a-3857-4026-8359-ee755d4e83cf', 'PT Solusi Digital', 'solusi-digital', NULL, 'https://solusidigital.com', 'Software Development', '51-200', '2025-07-09T17:17:13.404Z', '2025-07-09T17:17:13.404Z', NULL, 'pending', NULL, NULL, NULL, NULL, NULL, true, false, NULL, NULL);
INSERT INTO organizations ("id", "name", "slug", "logo", "website", "industry", "size", "created_at", "updated_at", "owner_id", "registration_status", "approved_by", "approved_at", "rejected_by", "rejected_at", "rejection_reason", "is_active", "onboarding_completed", "onboarding_completed_at", "onboarding_data") VALUES ('918dec0c-6672-4533-8e6c-6532fbfeabf9', 'Jujura', 'jujura', NULL, NULL, 'other', '1-10', '2025-07-09T17:20:34.701Z', '2025-07-09T17:20:34.701Z', '53722784-a50a-4f6e-8ae5-63a863364f36', 'pending', NULL, NULL, NULL, NULL, NULL, true, false, NULL, NULL);
INSERT INTO organizations ("id", "name", "slug", "logo", "website", "industry", "size", "created_at", "updated_at", "owner_id", "registration_status", "approved_by", "approved_at", "rejected_by", "rejected_at", "rejection_reason", "is_active", "onboarding_completed", "onboarding_completed_at", "onboarding_data") VALUES ('489ca492-37aa-4b7f-90ee-509ae24cf13c', 'asdas', 'asdas', NULL, NULL, 'other', '1-10', '2025-07-09T17:22:12.446Z', '2025-07-09T17:22:12.446Z', '64ed6ae1-0961-43b0-b6ae-9b01823784e6', 'pending', NULL, NULL, NULL, NULL, NULL, true, false, NULL, NULL);
INSERT INTO organizations ("id", "name", "slug", "logo", "website", "industry", "size", "created_at", "updated_at", "owner_id", "registration_status", "approved_by", "approved_at", "rejected_by", "rejected_at", "rejection_reason", "is_active", "onboarding_completed", "onboarding_completed_at", "onboarding_data") VALUES ('9fcf4dcd-7cd8-4a3c-813c-8efaebe341c4', 'Test Business', 'test-business', NULL, NULL, 'other', '1-10', '2025-07-09T18:13:14.214Z', '2025-07-09T18:13:14.214Z', '2c62c655-0b36-47b0-9754-4bc99e2553ed', 'pending', NULL, NULL, NULL, NULL, NULL, true, false, NULL, NULL);
INSERT INTO organizations ("id", "name", "slug", "logo", "website", "industry", "size", "created_at", "updated_at", "owner_id", "registration_status", "approved_by", "approved_at", "rejected_by", "rejected_at", "rejection_reason", "is_active", "onboarding_completed", "onboarding_completed_at", "onboarding_data") VALUES ('003b9e19-92f7-4c3d-98f1-a3d597a3563e', 'nana', 'nana', NULL, NULL, 'other', '1-10', '2025-07-09T18:18:26.472Z', '2025-07-09T18:35:15.880Z', 'b7dd3960-5a94-42e5-8415-3f5088452ec6', 'pending', NULL, NULL, NULL, NULL, NULL, true, true, '2025-07-09T18:35:15.880Z', '{"tasks":["Buat creative design untuk promosi diskon","Setup campaign di Facebook Ads dan Google Ads","Buat materi training closing technique","Tentukan harga bundling yang kompetitif"],"cadence":"harian","objective":"Menciptakan pertumbuhan penjualan yang berkelanjutan dan signifikan","teamFocus":"penjualan","keyResults":["Mencapai target penjualan Rp 500 juta per bulan","Meningkatkan rata-rata nilai transaksi menjadi Rp 2 juta"],"currentStep":10,"initiatives":["Menjalankan kampanye promosi bulanan dengan diskon 20%","Melatih sales team untuk closing technique","Membuat program bundling produk dengan harga spesial"],"isCompleted":false,"reminderDay":"","cycleEndDate":"2025-07-31","firstCheckIn":"","reminderDate":"","reminderTime":"17:00","cycleDuration":"1_bulan","completedSteps":[1,2,3,4,5,6,7,8,9],"cycleStartDate":"2025-07-10","invitedMembers":["asdna@mail.com","ajaj@mail.com"]}');
INSERT INTO organizations ("id", "name", "slug", "logo", "website", "industry", "size", "created_at", "updated_at", "owner_id", "registration_status", "approved_by", "approved_at", "rejected_by", "rejected_at", "rejection_reason", "is_active", "onboarding_completed", "onboarding_completed_at", "onboarding_data") VALUES ('9d818f66-05e6-4f16-b086-b42a75477db4', 'ads', 'ads', NULL, NULL, 'other', '1-10', '2025-07-09T18:28:43.730Z', '2025-07-10T02:11:21.919Z', 'ff7372d7-0c07-40b3-a76a-7c745b89f7a5', 'pending', NULL, NULL, NULL, NULL, NULL, true, true, '2025-07-10T02:11:21.919Z', '{"tasks":["Buat creative design untuk promosi diskon","Setup campaign di Facebook Ads dan Google Ads","Jadwalkan session training dengan sales team","Buat materi training closing technique","Analisis produk yang cocok untuk bundling","Tentukan harga bundling yang kompetitif"],"cadence":"harian","objective":"Menciptakan pertumbuhan penjualan yang berkelanjutan dan signifikan","teamFocus":"penjualan","keyResults":["Mencapai target penjualan Rp 500 juta per bulan","Meningkatkan rata-rata nilai transaksi menjadi Rp 2 juta"],"currentStep":9,"initiatives":["Menjalankan kampanye promosi bulanan dengan diskon 20%","Melatih sales team untuk closing technique","Membuat program bundling produk dengan harga spesial"],"isCompleted":false,"reminderDay":"","cycleEndDate":"2025-07-24","firstCheckIn":"","reminderDate":"","reminderTime":"17:00","cycleDuration":"1_bulan","completedSteps":[1,2,3,4,5,6,7,8],"cycleStartDate":"2025-07-01","invitedMembers":["nana@mail.com","jaja@mail.com","tata@mail.com"]}');
INSERT INTO organizations ("id", "name", "slug", "logo", "website", "industry", "size", "created_at", "updated_at", "owner_id", "registration_status", "approved_by", "approved_at", "rejected_by", "rejected_at", "rejection_reason", "is_active", "onboarding_completed", "onboarding_completed_at", "onboarding_data") VALUES ('1b81671d-6714-4a30-af61-25df13f59947', 'rara', 'rara', NULL, NULL, 'other', '1-10', '2025-07-10T02:25:34.707Z', '2025-07-10T04:14:13.781Z', '72279bc5-a4ce-40b7-af12-52a9dbeacfde', 'pending', NULL, NULL, NULL, NULL, NULL, true, true, '2025-07-10T04:14:13.781Z', '{"tasks":["Buat creative design untuk promosi diskon","Setup campaign di Facebook Ads dan Google Ads"],"cadence":"harian","objective":"Menciptakan pertumbuhan penjualan yang berkelanjutan dan signifikan","teamFocus":"penjualan","keyResults":["Mencapai target penjualan Rp 500 juta per bulan","Meningkatkan rata-rata nilai transaksi menjadi Rp 2 juta"],"currentStep":9,"initiatives":["Menjalankan kampanye promosi bulanan dengan diskon 20%","Melatih sales team untuk closing technique","Membuat program bundling produk dengan harga spesial"],"isCompleted":false,"reminderDay":"","cycleEndDate":"2025-08-02","firstCheckIn":"","reminderDate":"","reminderTime":"17:00","cycleDuration":"1_bulan","completedSteps":[1,2,3,4,5,6,7,8],"cycleStartDate":"2025-07-31","invitedMembers":[]}');
INSERT INTO organizations ("id", "name", "slug", "logo", "website", "industry", "size", "created_at", "updated_at", "owner_id", "registration_status", "approved_by", "approved_at", "rejected_by", "rejected_at", "rejection_reason", "is_active", "onboarding_completed", "onboarding_completed_at", "onboarding_data") VALUES ('bc5af273-e81b-49af-a156-77bbcce629f9', 'Refokus System', 'refokus-system', NULL, 'https://refokus.com', 'Technology', '1-10', '2025-07-10T07:08:27.908Z', '2025-07-10T07:08:27.908Z', '2a3a5347-782e-4cfe-9d30-83c8905a42f7', 'pending', NULL, NULL, NULL, NULL, NULL, true, false, NULL, NULL);
INSERT INTO organizations ("id", "name", "slug", "logo", "website", "industry", "size", "created_at", "updated_at", "owner_id", "registration_status", "approved_by", "approved_at", "rejected_by", "rejected_at", "rejection_reason", "is_active", "onboarding_completed", "onboarding_completed_at", "onboarding_data") VALUES ('0b91d0b5-3402-46b4-a3e4-0d8803ac28f2', 'jojo', 'jojo', NULL, NULL, 'other', '1-10', '2025-07-10T04:36:48.758Z', '2025-07-10T05:07:24.586Z', 'ff1f458e-af29-4b1b-aa16-2e6b32833e6a', 'pending', NULL, NULL, NULL, NULL, NULL, true, true, '2025-07-10T05:07:24.586Z', '{"tasks":["Buat creative design untuk promosi diskon","Setup campaign di Facebook Ads dan Google Ads","Siapkan landing page untuk campaign"],"cadence":"harian","objective":"Menciptakan pertumbuhan penjualan yang berkelanjutan dan signifikan","teamFocus":"penjualan","keyResults":["Mencapai target penjualan Rp 500 juta per bulan"],"currentStep":9,"initiatives":["Menjalankan kampanye promosi bulanan dengan diskon 20%"],"isCompleted":false,"reminderDay":"","cycleEndDate":"2025-11-30","firstCheckIn":"","reminderDate":"","reminderTime":"17:00","cycleDuration":"6_bulan","completedSteps":[1,2,3,3,4,5,6,7,8],"cycleStartDate":"2025-07-01","invitedMembers":[]}');
INSERT INTO organizations ("id", "name", "slug", "logo", "website", "industry", "size", "created_at", "updated_at", "owner_id", "registration_status", "approved_by", "approved_at", "rejected_by", "rejected_at", "rejection_reason", "is_active", "onboarding_completed", "onboarding_completed_at", "onboarding_data") VALUES ('76ce4cb4-12de-462e-ba5c-ff96365dc234', 'System Admin Organization', 'system-admin-org', NULL, 'https://system.com', 'Technology', '1-10', '2025-07-10T07:08:55.990Z', '2025-07-10T07:08:55.990Z', '1c098d4e-ad98-4c78-9f10-a763d89ab1c8', 'pending', NULL, NULL, NULL, NULL, NULL, true, false, NULL, NULL);
INSERT INTO organizations ("id", "name", "slug", "logo", "website", "industry", "size", "created_at", "updated_at", "owner_id", "registration_status", "approved_by", "approved_at", "rejected_by", "rejected_at", "rejection_reason", "is_active", "onboarding_completed", "onboarding_completed_at", "onboarding_data") VALUES ('300f8a88-1291-492d-bbb3-92db2bb89258', 'mimi', 'mimi', NULL, NULL, 'other', '1-10', '2025-07-10T05:11:23.101Z', '2025-07-10T05:28:49.163Z', '955b3705-14e4-4fd7-afa0-47d8e2475edf', 'pending', NULL, NULL, NULL, NULL, NULL, true, true, '2025-07-10T05:28:49.163Z', '{"tasks":["Buat creative design untuk promosi diskon","Analisis produk yang cocok untuk bundling"],"cadence":"harian","objective":"Menciptakan pertumbuhan penjualan yang berkelanjutan dan signifikan","teamFocus":"penjualan","keyResults":["Mencapai target penjualan Rp 500 juta per bulan","Meningkatkan rata-rata nilai transaksi menjadi Rp 2 juta"],"currentStep":9,"initiatives":["Menjalankan kampanye promosi bulanan dengan diskon 20%","Membuat program bundling produk dengan harga spesial"],"isCompleted":false,"reminderDay":"","cycleEndDate":"2025-08-31","firstCheckIn":"","reminderDate":"","reminderTime":"17:00","cycleDuration":"3_bulan","completedSteps":[1,2,3,4,5,6,7,8],"cycleStartDate":"2025-07-01","invitedMembers":[]}');

-- No data in table role_templates

--
-- Data for table: sessions (7 records)
--

INSERT INTO sessions ("sid", "sess", "expire") VALUES ('XSi37r8GXacjuBg_h4XaoYjd3qxAsQht', '{"cookie":{"path":"/","secure":false,"expires":"2025-08-08T18:16:07.485Z","httpOnly":true,"sameSite":"lax","originalMaxAge":2592000000},"userId":"64ed6ae1-0961-43b0-b6ae-9b01823784e6"}', '2025-08-08T18:16:08.000Z');
INSERT INTO sessions ("sid", "sess", "expire") VALUES ('4-pecfNAFsIHkwHETUoHvMwVqsC0FJUe', '{"cookie":{"path":"/","secure":false,"expires":"2025-08-08T18:24:12.688Z","httpOnly":true,"sameSite":"lax","originalMaxAge":2592000000},"userId":"b7dd3960-5a94-42e5-8415-3f5088452ec6"}', '2025-08-08T18:24:13.000Z');
INSERT INTO sessions ("sid", "sess", "expire") VALUES ('w7G1CL6RM0jCPvPe0VUM47zM8JVEQ2kE', '{"cookie":{"path":"/","secure":false,"expires":"2025-08-08T18:24:30.443Z","httpOnly":true,"sameSite":"lax","originalMaxAge":2592000000},"userId":"b7dd3960-5a94-42e5-8415-3f5088452ec6"}', '2025-08-08T18:35:16.000Z');
INSERT INTO sessions ("sid", "sess", "expire") VALUES ('8-XD9nJhJn_1B98LgSGYUjwYbkc2sxPY', '{"cookie":{"path":"/","secure":false,"expires":"2025-08-09T08:03:52.590Z","httpOnly":true,"sameSite":"lax","originalMaxAge":2592000000},"userId":"2a3a5347-782e-4cfe-9d30-83c8905a42f7"}', '2025-08-09T08:03:53.000Z');
INSERT INTO sessions ("sid", "sess", "expire") VALUES ('Q3yjstvBLgqWs7unR5JVVtl08swLai9s', '{"cookie":{"path":"/","secure":false,"expires":"2025-08-09T07:09:33.801Z","httpOnly":true,"sameSite":"lax","originalMaxAge":2592000000},"userId":"1c098d4e-ad98-4c78-9f10-a763d89ab1c8"}', '2025-08-09T08:31:38.000Z');
INSERT INTO sessions ("sid", "sess", "expire") VALUES ('on6BxZ3_djWwHLrBoRfmOu_b-3Zj19p1', '{"cookie":{"path":"/","secure":false,"expires":"2025-08-09T08:02:34.206Z","httpOnly":true,"sameSite":"lax","originalMaxAge":2592000000},"userId":"2a3a5347-782e-4cfe-9d30-83c8905a42f7"}', '2025-08-09T08:02:35.000Z');
INSERT INTO sessions ("sid", "sess", "expire") VALUES ('dFOoxybG16MXUSt60N1IXjKZvo-P391H', '{"cookie":{"path":"/","secure":false,"expires":"2025-08-08T18:22:14.279Z","httpOnly":true,"sameSite":"lax","originalMaxAge":2592000000},"userId":"b7dd3960-5a94-42e5-8415-3f5088452ec6"}', '2025-08-08T18:22:15.000Z');

-- No data in table subscription_add_ons

--
-- Data for table: subscription_plans (4 records)
--

INSERT INTO subscription_plans ("id", "name", "slug", "price", "max_users", "features", "stripe_product_id", "stripe_price_id", "is_active", "created_at", "updated_at") VALUES ('f844f00f-a4c3-4c05-a779-a4ad36cd4662', 'Starter', 'starter', '99000.00', 3, '["Hingga 3 pengguna","OKR Unlimited","Tracking & Monitoring","Dashboard Analytics","Email Support"]', NULL, NULL, true, '2025-07-09T17:17:13.350Z', '2025-07-09T17:17:13.350Z');
INSERT INTO subscription_plans ("id", "name", "slug", "price", "max_users", "features", "stripe_product_id", "stripe_price_id", "is_active", "created_at", "updated_at") VALUES ('0c68af8a-6356-47f3-a7ef-b59411815756', 'Tim 10 (Growth)', 'growth', '299000.00', 10, '["Hingga 10 pengguna","Semua fitur Starter","Team Collaboration","Advanced Analytics","Priority Support","Custom Branding"]', NULL, NULL, true, '2025-07-09T17:17:13.350Z', '2025-07-09T17:17:13.350Z');
INSERT INTO subscription_plans ("id", "name", "slug", "price", "max_users", "features", "stripe_product_id", "stripe_price_id", "is_active", "created_at", "updated_at") VALUES ('b30e1589-0ef6-4cb6-86b3-8aba177ac82d', 'Tim 25 (Scale)', 'scale', '749000.00', 25, '["Hingga 25 pengguna","Semua fitur Growth","API Access","Advanced Integrations","Dedicated Support","Custom Reports","Multi-team Management"]', NULL, NULL, true, '2025-07-09T17:17:13.350Z', '2025-07-09T17:17:13.350Z');
INSERT INTO subscription_plans ("id", "name", "slug", "price", "max_users", "features", "stripe_product_id", "stripe_price_id", "is_active", "created_at", "updated_at") VALUES ('13d96188-0dae-4157-a6c5-ea49609534ed', 'Enterprise', 'enterprise', '0.00', NULL, '["Unlimited pengguna","Semua fitur Scale","SSO/SAML","Custom Integrations","Dedicated Account Manager","SLA Guarantee","On-premise option","Custom Training"]', NULL, NULL, true, '2025-07-09T17:17:13.350Z', '2025-07-09T17:17:13.350Z');

-- No data in table success_metric_updates

--
-- Data for table: system_settings (17 records)
--

INSERT INTO system_settings ("id", "setting_key", "setting_value", "description", "category", "is_active", "created_at", "updated_at") VALUES ('ea2722a4-f646-4ce6-bf9b-9b817f500e30', 'email_provider', 'mailtrap', 'Default Email Provider', 'email', true, '2025-07-09T13:00:25.283Z', '2025-07-09T13:00:25.283Z');
INSERT INTO system_settings ("id", "setting_key", "setting_value", "description", "category", "is_active", "created_at", "updated_at") VALUES ('d99e7507-e2c7-48ff-95cb-82c42d4588bd', 'mailtrap_port', '2525', 'Mailtrap SMTP Port', 'email', true, '2025-07-09T13:00:25.283Z', '2025-07-10T07:12:16.117Z');
INSERT INTO system_settings ("id", "setting_key", "setting_value", "description", "category", "is_active", "created_at", "updated_at") VALUES ('23801591-77af-4828-9b39-544e4592cda2', 'mailtrap_user', 'smtp@mailtrap.io', 'Mailtrap Username', 'email', true, '2025-07-09T13:00:25.283Z', '2025-07-10T07:12:16.136Z');
INSERT INTO system_settings ("id", "setting_key", "setting_value", "description", "category", "is_active", "created_at", "updated_at") VALUES ('cdaca3ce-0bbc-48c5-a68b-65d5f7743486', 'mailtrap_pass', 'dc1ce49130cb8984adb50f5d0ea63883', 'Mailtrap Password', 'email', true, '2025-07-09T13:00:25.283Z', '2025-07-10T07:12:16.155Z');
INSERT INTO system_settings ("id", "setting_key", "setting_value", "description", "category", "is_active", "created_at", "updated_at") VALUES ('51b2f66e-9db7-4c5b-973b-6d17d0c15523', 'mailtrap_from', 'noreply@refokus.id', 'Mailtrap From Email', 'email', true, '2025-07-09T13:00:25.283Z', '2025-07-10T07:12:16.172Z');
INSERT INTO system_settings ("id", "setting_key", "setting_value", "description", "category", "is_active", "created_at", "updated_at") VALUES ('a33c29fe-1b9c-44ec-96a8-ee9c7b2c63d2', 'sendgrid_api_key', '', 'SendGrid API Key', 'email', true, '2025-07-09T13:03:49.214Z', '2025-07-10T07:12:16.195Z');
INSERT INTO system_settings ("id", "setting_key", "setting_value", "description", "category", "is_active", "created_at", "updated_at") VALUES ('320b6b6e-49e2-4c87-af22-f47bb8bfe853', 'sendgrid_from', 'noreply@platformokr.com', 'SendGrid From Email', 'email', true, '2025-07-09T13:03:49.214Z', '2025-07-10T07:12:16.213Z');
INSERT INTO system_settings ("id", "setting_key", "setting_value", "description", "category", "is_active", "created_at", "updated_at") VALUES ('b4525af1-444b-471c-91f5-f6979d69397d', 'gmail_user', '', 'Gmail Username', 'email', true, '2025-07-09T13:03:49.214Z', '2025-07-10T07:12:16.232Z');
INSERT INTO system_settings ("id", "setting_key", "setting_value", "description", "category", "is_active", "created_at", "updated_at") VALUES ('13ca991c-85e9-4333-a7dc-ed834045bbc5', 'gmail_pass', '', 'Gmail Password/App Password', 'email', true, '2025-07-09T13:03:49.214Z', '2025-07-10T07:12:16.254Z');
INSERT INTO system_settings ("id", "setting_key", "setting_value", "description", "category", "is_active", "created_at", "updated_at") VALUES ('2189f48f-3de0-4863-bfb6-3b5f48d9c001', 'gmail_from', 'noreply@platformokr.com', 'Gmail From Email', 'email', true, '2025-07-09T13:03:49.214Z', '2025-07-10T07:12:16.273Z');
INSERT INTO system_settings ("id", "setting_key", "setting_value", "description", "category", "is_active", "created_at", "updated_at") VALUES ('26ab13a2-191b-4ea2-87ae-d87852c3bdbd', 'smtp_host', 'smtp.gmail.com', 'SMTP Host', 'email', true, '2025-07-09T13:03:49.214Z', '2025-07-10T07:12:16.292Z');
INSERT INTO system_settings ("id", "setting_key", "setting_value", "description", "category", "is_active", "created_at", "updated_at") VALUES ('3b6378ca-5a27-4779-a551-c9a046c95aa9', 'smtp_port', '587', 'SMTP Port', 'email', true, '2025-07-09T13:03:49.214Z', '2025-07-10T07:12:16.311Z');
INSERT INTO system_settings ("id", "setting_key", "setting_value", "description", "category", "is_active", "created_at", "updated_at") VALUES ('e925a045-0a41-4ac8-bb99-f491c7669a5d', 'smtp_user', '', 'SMTP Username', 'email', true, '2025-07-09T13:03:49.214Z', '2025-07-10T07:12:16.332Z');
INSERT INTO system_settings ("id", "setting_key", "setting_value", "description", "category", "is_active", "created_at", "updated_at") VALUES ('4c91c867-1801-47bb-810c-49c739bfc6c0', 'smtp_pass', '', 'SMTP Password', 'email', true, '2025-07-09T13:03:49.214Z', '2025-07-10T07:12:16.352Z');
INSERT INTO system_settings ("id", "setting_key", "setting_value", "description", "category", "is_active", "created_at", "updated_at") VALUES ('27718bdc-d0b2-4a9c-8292-e5b172e16603', 'smtp_secure', 'false', 'SMTP Secure Connection', 'email', true, '2025-07-09T13:03:49.214Z', '2025-07-10T07:12:16.370Z');
INSERT INTO system_settings ("id", "setting_key", "setting_value", "description", "category", "is_active", "created_at", "updated_at") VALUES ('994624d2-5e51-4cb1-8b4d-7d86f7beaeda', 'smtp_from', 'noreply@platformokr.com', 'SMTP From Email', 'email', true, '2025-07-09T13:03:49.214Z', '2025-07-10T07:12:16.390Z');
INSERT INTO system_settings ("id", "setting_key", "setting_value", "description", "category", "is_active", "created_at", "updated_at") VALUES ('a904a992-b51b-43b9-8461-4c9b57744255', 'mailtrap_host', 'live.smtp.mailtrap.io', 'Mailtrap SMTP Host', 'email', true, '2025-07-09T13:00:25.283Z', '2025-07-10T07:12:16.407Z');

-- No data in table task_comments

--
-- Data for table: tasks (23 records)
--

INSERT INTO tasks ("id", "initiative_id", "title", "description", "status", "priority", "assigned_to", "due_date", "completed_at", "created_at", "created_by") VALUES ('0e1cf637-f7dc-42e2-b5ec-2eb266f05e76', 'be927fb7-b367-482e-8663-a958811d58ee', 'Buat creative design untuk promosi diskon', 'Task dari hasil onboarding', 'not_started', 'medium', 'b7dd3960-5a94-42e5-8415-3f5088452ec6', NULL, NULL, '2025-07-09T18:26:58.003Z', 'b7dd3960-5a94-42e5-8415-3f5088452ec6');
INSERT INTO tasks ("id", "initiative_id", "title", "description", "status", "priority", "assigned_to", "due_date", "completed_at", "created_at", "created_by") VALUES ('0aac012e-bb48-4ff6-9da2-9a10a82fd32d', 'be927fb7-b367-482e-8663-a958811d58ee', 'Setup campaign di Facebook Ads dan Google Ads', 'Task dari hasil onboarding', 'not_started', 'medium', 'b7dd3960-5a94-42e5-8415-3f5088452ec6', NULL, NULL, '2025-07-09T18:26:58.003Z', 'b7dd3960-5a94-42e5-8415-3f5088452ec6');
INSERT INTO tasks ("id", "initiative_id", "title", "description", "status", "priority", "assigned_to", "due_date", "completed_at", "created_at", "created_by") VALUES ('de6fc226-9aca-4cb1-acb4-172a5b68f6bf', 'be927fb7-b367-482e-8663-a958811d58ee', 'Buat materi training closing technique', 'Task dari hasil onboarding', 'not_started', 'medium', 'b7dd3960-5a94-42e5-8415-3f5088452ec6', NULL, NULL, '2025-07-09T18:26:58.003Z', 'b7dd3960-5a94-42e5-8415-3f5088452ec6');
INSERT INTO tasks ("id", "initiative_id", "title", "description", "status", "priority", "assigned_to", "due_date", "completed_at", "created_at", "created_by") VALUES ('2097f65e-0616-453c-b7b0-ca5d29512538', 'be927fb7-b367-482e-8663-a958811d58ee', 'Tentukan harga bundling yang kompetitif', 'Task dari hasil onboarding', 'not_started', 'medium', 'b7dd3960-5a94-42e5-8415-3f5088452ec6', NULL, NULL, '2025-07-09T18:26:58.003Z', 'b7dd3960-5a94-42e5-8415-3f5088452ec6');
INSERT INTO tasks ("id", "initiative_id", "title", "description", "status", "priority", "assigned_to", "due_date", "completed_at", "created_at", "created_by") VALUES ('ddbc2aaa-9e18-4c8e-a00f-bbbf03272db6', '10348f0a-50a0-4b73-962f-0b3e13ba0b47', 'Buat creative design untuk promosi diskon', 'Task dari hasil onboarding', 'not_started', 'medium', 'ff7372d7-0c07-40b3-a76a-7c745b89f7a5', NULL, NULL, '2025-07-10T02:11:18.965Z', 'ff7372d7-0c07-40b3-a76a-7c745b89f7a5');
INSERT INTO tasks ("id", "initiative_id", "title", "description", "status", "priority", "assigned_to", "due_date", "completed_at", "created_at", "created_by") VALUES ('81947b6d-3ead-4bca-ad35-f9259afa89f0', '10348f0a-50a0-4b73-962f-0b3e13ba0b47', 'Setup campaign di Facebook Ads dan Google Ads', 'Task dari hasil onboarding', 'not_started', 'medium', 'ff7372d7-0c07-40b3-a76a-7c745b89f7a5', NULL, NULL, '2025-07-10T02:11:18.965Z', 'ff7372d7-0c07-40b3-a76a-7c745b89f7a5');
INSERT INTO tasks ("id", "initiative_id", "title", "description", "status", "priority", "assigned_to", "due_date", "completed_at", "created_at", "created_by") VALUES ('63b52944-21be-4a42-a910-4a3165d654bf', '10348f0a-50a0-4b73-962f-0b3e13ba0b47', 'Jadwalkan session training dengan sales team', 'Task dari hasil onboarding', 'not_started', 'medium', 'ff7372d7-0c07-40b3-a76a-7c745b89f7a5', NULL, NULL, '2025-07-10T02:11:18.965Z', 'ff7372d7-0c07-40b3-a76a-7c745b89f7a5');
INSERT INTO tasks ("id", "initiative_id", "title", "description", "status", "priority", "assigned_to", "due_date", "completed_at", "created_at", "created_by") VALUES ('97d697cb-850a-468c-8eed-abc85994a17d', '10348f0a-50a0-4b73-962f-0b3e13ba0b47', 'Buat materi training closing technique', 'Task dari hasil onboarding', 'not_started', 'medium', 'ff7372d7-0c07-40b3-a76a-7c745b89f7a5', NULL, NULL, '2025-07-10T02:11:18.965Z', 'ff7372d7-0c07-40b3-a76a-7c745b89f7a5');
INSERT INTO tasks ("id", "initiative_id", "title", "description", "status", "priority", "assigned_to", "due_date", "completed_at", "created_at", "created_by") VALUES ('d5953351-46e6-4d8b-922b-ffecfa6fb78f', '10348f0a-50a0-4b73-962f-0b3e13ba0b47', 'Analisis produk yang cocok untuk bundling', 'Task dari hasil onboarding', 'not_started', 'medium', 'ff7372d7-0c07-40b3-a76a-7c745b89f7a5', NULL, NULL, '2025-07-10T02:11:18.965Z', 'ff7372d7-0c07-40b3-a76a-7c745b89f7a5');
INSERT INTO tasks ("id", "initiative_id", "title", "description", "status", "priority", "assigned_to", "due_date", "completed_at", "created_at", "created_by") VALUES ('cf884c9d-7f5f-4ba1-96bb-c4f5a0093df6', '10348f0a-50a0-4b73-962f-0b3e13ba0b47', 'Tentukan harga bundling yang kompetitif', 'Task dari hasil onboarding', 'not_started', 'medium', 'ff7372d7-0c07-40b3-a76a-7c745b89f7a5', NULL, NULL, '2025-07-10T02:11:18.965Z', 'ff7372d7-0c07-40b3-a76a-7c745b89f7a5');
INSERT INTO tasks ("id", "initiative_id", "title", "description", "status", "priority", "assigned_to", "due_date", "completed_at", "created_at", "created_by") VALUES ('6816877e-2396-42f4-a94a-d393e1902773', 'bf884146-c37c-486b-be45-e41563fc5681', 'Buat creative design untuk promosi diskon', 'Task dari hasil onboarding', 'not_started', 'medium', '72279bc5-a4ce-40b7-af12-52a9dbeacfde', NULL, NULL, '2025-07-10T04:14:13.750Z', '72279bc5-a4ce-40b7-af12-52a9dbeacfde');
INSERT INTO tasks ("id", "initiative_id", "title", "description", "status", "priority", "assigned_to", "due_date", "completed_at", "created_at", "created_by") VALUES ('70442189-125f-4516-bda0-2742e3d52de9', 'bf884146-c37c-486b-be45-e41563fc5681', 'Setup campaign di Facebook Ads dan Google Ads', 'Task dari hasil onboarding', 'not_started', 'medium', '72279bc5-a4ce-40b7-af12-52a9dbeacfde', NULL, NULL, '2025-07-10T04:14:13.750Z', '72279bc5-a4ce-40b7-af12-52a9dbeacfde');
INSERT INTO tasks ("id", "initiative_id", "title", "description", "status", "priority", "assigned_to", "due_date", "completed_at", "created_at", "created_by") VALUES ('13cea605-5173-43dc-a5ae-075dd6bd7f56', '2cda9c5d-9328-4b3a-ae8f-0a9dba96f0c0', 'Buat creative design untuk promosi diskon', 'Task dari hasil onboarding', 'not_started', 'medium', '72279bc5-a4ce-40b7-af12-52a9dbeacfde', '2025-08-01T23:31:27.725Z', NULL, '2025-07-10T04:22:08.345Z', '72279bc5-a4ce-40b7-af12-52a9dbeacfde');
INSERT INTO tasks ("id", "initiative_id", "title", "description", "status", "priority", "assigned_to", "due_date", "completed_at", "created_at", "created_by") VALUES ('9d9a6764-2be0-43a5-9b1e-95a6ffa52c60', '2cda9c5d-9328-4b3a-ae8f-0a9dba96f0c0', 'Setup campaign di Facebook Ads dan Google Ads', 'Task dari hasil onboarding', 'not_started', 'medium', '72279bc5-a4ce-40b7-af12-52a9dbeacfde', '2025-07-31T23:34:54.966Z', NULL, '2025-07-10T04:22:08.345Z', '72279bc5-a4ce-40b7-af12-52a9dbeacfde');
INSERT INTO tasks ("id", "initiative_id", "title", "description", "status", "priority", "assigned_to", "due_date", "completed_at", "created_at", "created_by") VALUES ('9ed2ed54-3006-4c35-9dd1-1ab51655e809', '2cda9c5d-9328-4b3a-ae8f-0a9dba96f0c0', 'Buat materi training untuk sales team', 'Task dari hasil onboarding', 'not_started', 'medium', '72279bc5-a4ce-40b7-af12-52a9dbeacfde', '2025-08-01T20:14:28.388Z', NULL, '2025-07-10T04:22:08.345Z', '72279bc5-a4ce-40b7-af12-52a9dbeacfde');
INSERT INTO tasks ("id", "initiative_id", "title", "description", "status", "priority", "assigned_to", "due_date", "completed_at", "created_at", "created_by") VALUES ('3fc10e42-60d5-4e44-bce3-5698b6f39f15', '6cf5b726-966c-48a6-88d6-6c12f4630c7a', 'Buat creative design untuk promosi diskon', 'Task dari hasil onboarding', 'not_started', 'medium', '72279bc5-a4ce-40b7-af12-52a9dbeacfde', '2025-08-01T14:07:48.197Z', NULL, '2025-07-10T04:23:00.759Z', '72279bc5-a4ce-40b7-af12-52a9dbeacfde');
INSERT INTO tasks ("id", "initiative_id", "title", "description", "status", "priority", "assigned_to", "due_date", "completed_at", "created_at", "created_by") VALUES ('dc2463fe-321d-42ea-b0d5-f183ec886c39', '6cf5b726-966c-48a6-88d6-6c12f4630c7a', 'Setup campaign di Facebook Ads dan Google Ads', 'Task dari hasil onboarding', 'not_started', 'medium', '72279bc5-a4ce-40b7-af12-52a9dbeacfde', '2025-07-31T02:55:31.544Z', NULL, '2025-07-10T04:23:00.759Z', '72279bc5-a4ce-40b7-af12-52a9dbeacfde');
INSERT INTO tasks ("id", "initiative_id", "title", "description", "status", "priority", "assigned_to", "due_date", "completed_at", "created_at", "created_by") VALUES ('24efc0f6-5ed9-4213-a826-87fa0f8d7cb9', '6cf5b726-966c-48a6-88d6-6c12f4630c7a', 'Buat materi training untuk sales team', 'Task dari hasil onboarding', 'not_started', 'medium', '72279bc5-a4ce-40b7-af12-52a9dbeacfde', '2025-08-01T16:03:15.764Z', NULL, '2025-07-10T04:23:00.759Z', '72279bc5-a4ce-40b7-af12-52a9dbeacfde');
INSERT INTO tasks ("id", "initiative_id", "title", "description", "status", "priority", "assigned_to", "due_date", "completed_at", "created_at", "created_by") VALUES ('b4d18b24-4470-4a2a-85bf-3a4de5787a14', '31acc666-f442-4c8f-aa7d-15a45901d6a1', 'Buat creative design untuk promosi diskon', 'Task dari hasil onboarding', 'not_started', 'medium', 'ff1f458e-af29-4b1b-aa16-2e6b32833e6a', '2025-10-18T07:04:57.722Z', NULL, '2025-07-10T05:07:24.556Z', 'ff1f458e-af29-4b1b-aa16-2e6b32833e6a');
INSERT INTO tasks ("id", "initiative_id", "title", "description", "status", "priority", "assigned_to", "due_date", "completed_at", "created_at", "created_by") VALUES ('87b81177-d9da-410b-aa4e-0bbd8c8503d3', '31acc666-f442-4c8f-aa7d-15a45901d6a1', 'Setup campaign di Facebook Ads dan Google Ads', 'Task dari hasil onboarding', 'not_started', 'medium', 'ff1f458e-af29-4b1b-aa16-2e6b32833e6a', '2025-07-26T14:54:22.745Z', NULL, '2025-07-10T05:07:24.556Z', 'ff1f458e-af29-4b1b-aa16-2e6b32833e6a');
INSERT INTO tasks ("id", "initiative_id", "title", "description", "status", "priority", "assigned_to", "due_date", "completed_at", "created_at", "created_by") VALUES ('cfde8400-ec26-439d-bd54-99fa7726429d', '31acc666-f442-4c8f-aa7d-15a45901d6a1', 'Siapkan landing page untuk campaign', 'Task dari hasil onboarding', 'not_started', 'medium', 'ff1f458e-af29-4b1b-aa16-2e6b32833e6a', '2025-10-09T23:32:50.198Z', NULL, '2025-07-10T05:07:24.556Z', 'ff1f458e-af29-4b1b-aa16-2e6b32833e6a');
INSERT INTO tasks ("id", "initiative_id", "title", "description", "status", "priority", "assigned_to", "due_date", "completed_at", "created_at", "created_by") VALUES ('4e756420-b7eb-4e33-a5fd-c6545b079528', '8020c867-e0fe-4797-ae1a-3ac4bbfec977', 'Buat creative design untuk promosi diskon', 'Task dari hasil onboarding', 'not_started', 'medium', '955b3705-14e4-4fd7-afa0-47d8e2475edf', '2025-08-20T01:06:43.924Z', NULL, '2025-07-10T05:28:49.129Z', '955b3705-14e4-4fd7-afa0-47d8e2475edf');
INSERT INTO tasks ("id", "initiative_id", "title", "description", "status", "priority", "assigned_to", "due_date", "completed_at", "created_at", "created_by") VALUES ('430a8cb6-108f-457a-ada7-a121212cdcc8', '8020c867-e0fe-4797-ae1a-3ac4bbfec977', 'Analisis produk yang cocok untuk bundling', 'Task dari hasil onboarding', 'not_started', 'medium', '955b3705-14e4-4fd7-afa0-47d8e2475edf', '2025-08-12T17:16:00.393Z', NULL, '2025-07-10T05:28:49.129Z', '955b3705-14e4-4fd7-afa0-47d8e2475edf');

--
-- Data for table: team_members (2 records)
--

INSERT INTO team_members ("id", "team_id", "user_id", "role", "joined_at") VALUES ('35134053-c68d-4e47-b633-7e5380e167c9', 'c39f6983-ea07-4071-9f1c-a6b996b32475', '84b1a833-3fee-4417-b4f3-8843b9e3cd92', 'admin', '2025-07-09T17:17:07.944Z');
INSERT INTO team_members ("id", "team_id", "user_id", "role", "joined_at") VALUES ('574c3883-b138-4d40-83d3-d366c7a8cdbb', 'c39f6983-ea07-4071-9f1c-a6b996b32475', 'd26cc3e4-1237-410b-abd3-44332b6c2897', 'member', '2025-07-09T17:17:07.944Z');

--
-- Data for table: teams (1 records)
--

INSERT INTO teams ("id", "name", "description", "owner_id", "created_at", "updated_at", "organization_id") VALUES ('c39f6983-ea07-4071-9f1c-a6b996b32475', 'Engineering Team', 'Core development team', '5cb5c87c-384d-4c92-ad1f-15fe74a1702c', '2025-07-09T17:17:07.916Z', '2025-07-09T17:17:07.916Z', 'd34a8b3f-9fbd-409e-a077-72bbfd8c4e42');

-- No data in table templates

-- No data in table trial_achievements

-- No data in table trial_progress

-- No data in table user_achievements

-- No data in table user_activity_log

-- No data in table user_onboarding_progress

-- No data in table user_permissions

--
-- Data for table: user_stats (7 records)
--

INSERT INTO user_stats ("id", "user_id", "total_points", "level", "current_streak", "longest_streak", "last_activity_date", "objectives_completed", "key_results_completed", "check_ins_created", "initiatives_created", "collaboration_score", "updated_at") VALUES ('6b1e998a-82d8-487f-9416-8029082c7818', 'b7dd3960-5a94-42e5-8415-3f5088452ec6', 0, 1, 0, 0, '2025-07-09', 0, 0, 0, 0, 0, '2025-07-09T18:19:11.153Z');
INSERT INTO user_stats ("id", "user_id", "total_points", "level", "current_streak", "longest_streak", "last_activity_date", "objectives_completed", "key_results_completed", "check_ins_created", "initiatives_created", "collaboration_score", "updated_at") VALUES ('e37e688a-4699-44fb-ad75-cea051dcdb44', 'ff7372d7-0c07-40b3-a76a-7c745b89f7a5', 0, 1, 0, 0, '2025-07-09', 0, 0, 0, 0, 0, '2025-07-09T18:30:11.881Z');
INSERT INTO user_stats ("id", "user_id", "total_points", "level", "current_streak", "longest_streak", "last_activity_date", "objectives_completed", "key_results_completed", "check_ins_created", "initiatives_created", "collaboration_score", "updated_at") VALUES ('88523b34-49fd-4160-ba5a-990190151308', '72279bc5-a4ce-40b7-af12-52a9dbeacfde', 0, 1, 0, 0, '2025-07-10', 0, 0, 0, 0, 0, '2025-07-10T02:26:21.843Z');
INSERT INTO user_stats ("id", "user_id", "total_points", "level", "current_streak", "longest_streak", "last_activity_date", "objectives_completed", "key_results_completed", "check_ins_created", "initiatives_created", "collaboration_score", "updated_at") VALUES ('6d192891-fd1f-4a36-b571-87ba99f1b7bc', 'ff1f458e-af29-4b1b-aa16-2e6b32833e6a', 0, 1, 0, 0, '2025-07-10', 0, 0, 0, 0, 0, '2025-07-10T05:04:11.214Z');
INSERT INTO user_stats ("id", "user_id", "total_points", "level", "current_streak", "longest_streak", "last_activity_date", "objectives_completed", "key_results_completed", "check_ins_created", "initiatives_created", "collaboration_score", "updated_at") VALUES ('6c7afbf7-15ee-41fe-a8d2-a0aacc51d088', '955b3705-14e4-4fd7-afa0-47d8e2475edf', 0, 1, 0, 0, '2025-07-10', 0, 0, 0, 0, 0, '2025-07-10T05:14:18.804Z');
INSERT INTO user_stats ("id", "user_id", "total_points", "level", "current_streak", "longest_streak", "last_activity_date", "objectives_completed", "key_results_completed", "check_ins_created", "initiatives_created", "collaboration_score", "updated_at") VALUES ('2376ef26-07d2-4771-9ce4-6e4058f15b7f', '64ed6ae1-0961-43b0-b6ae-9b01823784e6', 0, 1, 0, 0, '2025-07-10', 0, 0, 0, 0, 0, '2025-07-10T05:55:13.288Z');
INSERT INTO user_stats ("id", "user_id", "total_points", "level", "current_streak", "longest_streak", "last_activity_date", "objectives_completed", "key_results_completed", "check_ins_created", "initiatives_created", "collaboration_score", "updated_at") VALUES ('8b86a03e-7751-4557-91f3-8f43da6df055', '1c098d4e-ad98-4c78-9f10-a763d89ab1c8', 0, 1, 0, 0, '2025-07-10', 0, 0, 0, 0, 0, '2025-07-10T07:09:35.676Z');

-- No data in table user_trial_achievements

--
-- Data for table: users (16 records)
--

INSERT INTO users ("id", "email", "password", "first_name", "last_name", "profile_image_url", "role", "is_active", "created_at", "updated_at", "organization_id", "is_system_owner", "department", "job_title", "last_login_at", "invited_by", "invited_at", "reminder_config", "phone", "verification_code", "verification_code_expiry", "is_email_verified") VALUES ('5cb5c87c-384d-4c92-ad1f-15fe74a1702c', 'admin@example.com', '$2b$12$rPhsoxHWgBdabXYp36hfA.E4x03qNvol91BAizDZV1YL1VQhe5Zc.', 'Admin', 'User', NULL, 'admin', true, '2025-07-09T17:17:07.880Z', '2025-07-09T17:17:07.880Z', 'd34a8b3f-9fbd-409e-a077-72bbfd8c4e42', false, NULL, NULL, NULL, NULL, NULL, NULL, NULL, NULL, NULL, false);
INSERT INTO users ("id", "email", "password", "first_name", "last_name", "profile_image_url", "role", "is_active", "created_at", "updated_at", "organization_id", "is_system_owner", "department", "job_title", "last_login_at", "invited_by", "invited_at", "reminder_config", "phone", "verification_code", "verification_code_expiry", "is_email_verified") VALUES ('84b1a833-3fee-4417-b4f3-8843b9e3cd92', 'manager@example.com', '$2b$12$rPhsoxHWgBdabXYp36hfA.E4x03qNvol91BAizDZV1YL1VQhe5Zc.', 'Manager', 'User', NULL, 'manager', true, '2025-07-09T17:17:07.880Z', '2025-07-09T17:17:07.880Z', 'd34a8b3f-9fbd-409e-a077-72bbfd8c4e42', false, NULL, NULL, NULL, NULL, NULL, NULL, NULL, NULL, NULL, false);
INSERT INTO users ("id", "email", "password", "first_name", "last_name", "profile_image_url", "role", "is_active", "created_at", "updated_at", "organization_id", "is_system_owner", "department", "job_title", "last_login_at", "invited_by", "invited_at", "reminder_config", "phone", "verification_code", "verification_code_expiry", "is_email_verified") VALUES ('d26cc3e4-1237-410b-abd3-44332b6c2897', 'dev@example.com', '$2b$12$rPhsoxHWgBdabXYp36hfA.E4x03qNvol91BAizDZV1YL1VQhe5Zc.', 'Developer', 'User', NULL, 'member', true, '2025-07-09T17:17:07.880Z', '2025-07-09T17:17:07.880Z', 'd34a8b3f-9fbd-409e-a077-72bbfd8c4e42', false, NULL, NULL, NULL, NULL, NULL, NULL, NULL, NULL, NULL, false);
INSERT INTO users ("id", "email", "password", "first_name", "last_name", "profile_image_url", "role", "is_active", "created_at", "updated_at", "organization_id", "is_system_owner", "department", "job_title", "last_login_at", "invited_by", "invited_at", "reminder_config", "phone", "verification_code", "verification_code_expiry", "is_email_verified") VALUES ('550e8400-e29b-41d4-a716-446655440002', 'unverified@example.com', '$2b$10$N9qo8uLOickgx2ZMRZoMyeIjZAgcfl7p92ldGxad68LJZdHYjUgCe', 'Unverified', 'User', NULL, 'member', true, '2025-07-09T17:18:08.493Z', '2025-07-09T17:18:08.493Z', 'd34a8b3f-9fbd-409e-a077-72bbfd8c4e42', false, NULL, NULL, NULL, NULL, NULL, NULL, '081234567892', '789012', NULL, false);
INSERT INTO users ("id", "email", "password", "first_name", "last_name", "profile_image_url", "role", "is_active", "created_at", "updated_at", "organization_id", "is_system_owner", "department", "job_title", "last_login_at", "invited_by", "invited_at", "reminder_config", "phone", "verification_code", "verification_code_expiry", "is_email_verified") VALUES ('550e8400-e29b-41d4-a716-446655440001', 'verified@example.com', '$2b$10$N9qo8uLOickgx2ZMRZoMyeIjZAgcfl7p92ldGxad68LJZdHYjUgCe', 'Verified', 'User', NULL, 'member', true, '2025-07-09T17:18:08.493Z', '2025-07-09T17:18:08.493Z', 'd34a8b3f-9fbd-409e-a077-72bbfd8c4e42', false, NULL, NULL, NULL, NULL, NULL, NULL, '081234567891', NULL, NULL, true);
INSERT INTO users ("id", "email", "password", "first_name", "last_name", "profile_image_url", "role", "is_active", "created_at", "updated_at", "organization_id", "is_system_owner", "department", "job_title", "last_login_at", "invited_by", "invited_at", "reminder_config", "phone", "verification_code", "verification_code_expiry", "is_email_verified") VALUES ('53722784-a50a-4f6e-8ae5-63a863364f36', 'ini.indonesia1@gmail.com', '$2b$12$27el6GCPu6piX.kZDxlk2OLh7xoKl3GeBhOfL221nKqTbTH2T3iNO', 'Widi', '', NULL, 'organization_admin', true, '2025-07-09T17:20:34.728Z', '2025-07-09T17:20:58.492Z', '918dec0c-6672-4533-8e6c-6532fbfeabf9', false, NULL, NULL, NULL, NULL, NULL, NULL, '0896709453', NULL, NULL, false);
INSERT INTO users ("id", "email", "password", "first_name", "last_name", "profile_image_url", "role", "is_active", "created_at", "updated_at", "organization_id", "is_system_owner", "department", "job_title", "last_login_at", "invited_by", "invited_at", "reminder_config", "phone", "verification_code", "verification_code_expiry", "is_email_verified") VALUES ('ff7372d7-0c07-40b3-a76a-7c745b89f7a5', 'asd@mail.com', '$2b$12$Ijs8wsIbWTLO7MAJs6sroe.AlFsNyMEa9ID9VxUU0ZDw.JmKo4pLC', 'asd', '', NULL, 'organization_admin', true, '2025-07-09T18:28:43.759Z', '2025-07-09T18:29:43.290Z', '9d818f66-05e6-4f16-b086-b42a75477db4', false, NULL, NULL, NULL, NULL, NULL, '{"userId":"ff7372d7-0c07-40b3-a76a-7c745b89f7a5","cadence":"harian","reminderTime":"17:00","reminderDay":"","reminderDate":"","isActive":true,"teamFocus":"penjualan"}', '089506840569409', NULL, NULL, true);
INSERT INTO users ("id", "email", "password", "first_name", "last_name", "profile_image_url", "role", "is_active", "created_at", "updated_at", "organization_id", "is_system_owner", "department", "job_title", "last_login_at", "invited_by", "invited_at", "reminder_config", "phone", "verification_code", "verification_code_expiry", "is_email_verified") VALUES ('550e8400-e29b-41d4-a716-446655440000', 'test@example.com', '$2b$12$rPhsoxHWgBdabXYp36hfA.E4x03qNvol91BAizDZV1YL1VQhe5Zc.', 'Test', 'User', NULL, 'organization_admin', true, '2025-07-09T17:18:00.220Z', '2025-07-09T17:18:00.220Z', 'd34a8b3f-9fbd-409e-a077-72bbfd8c4e42', false, NULL, NULL, NULL, NULL, NULL, NULL, '081234567890', '123456', NULL, false);
INSERT INTO users ("id", "email", "password", "first_name", "last_name", "profile_image_url", "role", "is_active", "created_at", "updated_at", "organization_id", "is_system_owner", "department", "job_title", "last_login_at", "invited_by", "invited_at", "reminder_config", "phone", "verification_code", "verification_code_expiry", "is_email_verified") VALUES ('72279bc5-a4ce-40b7-af12-52a9dbeacfde', 'rara@mail.com', '$2b$12$jFJHTUwkLvyKJhA6ZHykluNVL1rsj3kyEIPhEh95lHZeuKFxtFgCa', 'rara', '', NULL, 'organization_admin', true, '2025-07-10T02:25:34.725Z', '2025-07-10T02:25:51.347Z', '1b81671d-6714-4a30-af61-25df13f59947', false, NULL, NULL, NULL, NULL, NULL, '{"userId":"72279bc5-a4ce-40b7-af12-52a9dbeacfde","cadence":"harian","reminderTime":"17:00","reminderDay":"","reminderDate":"","isActive":true,"teamFocus":"penjualan"}', '0894507845907', NULL, NULL, true);
INSERT INTO users ("id", "email", "password", "first_name", "last_name", "profile_image_url", "role", "is_active", "created_at", "updated_at", "organization_id", "is_system_owner", "department", "job_title", "last_login_at", "invited_by", "invited_at", "reminder_config", "phone", "verification_code", "verification_code_expiry", "is_email_verified") VALUES ('2c62c655-0b36-47b0-9754-4bc99e2553ed', 'testuser@example.com', '$2b$12$aFGdhM/jyStdvD4tdnT1teKIsRaK5TETqmhA8O6XCqFjrb.O97MhG', 'Test', 'User', NULL, 'organization_admin', true, '2025-07-09T18:13:14.241Z', '2025-07-09T18:13:25.661Z', '9fcf4dcd-7cd8-4a3c-813c-8efaebe341c4', false, NULL, NULL, NULL, NULL, NULL, NULL, '081234567890', NULL, NULL, true);
INSERT INTO users ("id", "email", "password", "first_name", "last_name", "profile_image_url", "role", "is_active", "created_at", "updated_at", "organization_id", "is_system_owner", "department", "job_title", "last_login_at", "invited_by", "invited_at", "reminder_config", "phone", "verification_code", "verification_code_expiry", "is_email_verified") VALUES ('64ed6ae1-0961-43b0-b6ae-9b01823784e6', 'ada@mail.com', '$2b$10$NjwXBCJq2CFenelxpmACXOU587Ypu/CbfVzc0BB7NZ7MmT96/yCJK', 'ananan', '', NULL, 'organization_admin', true, '2025-07-09T17:22:12.469Z', '2025-07-09T18:15:38.258Z', '489ca492-37aa-4b7f-90ee-509ae24cf13c', false, NULL, NULL, NULL, NULL, NULL, NULL, '980654504', NULL, NULL, true);
INSERT INTO users ("id", "email", "password", "first_name", "last_name", "profile_image_url", "role", "is_active", "created_at", "updated_at", "organization_id", "is_system_owner", "department", "job_title", "last_login_at", "invited_by", "invited_at", "reminder_config", "phone", "verification_code", "verification_code_expiry", "is_email_verified") VALUES ('ff1f458e-af29-4b1b-aa16-2e6b32833e6a', 'jojo@mail.com', '$2b$12$3FdrhdTXgAlzZ54xyCxOJupz2Kr220b7Kej49EGlqhBVp2rBOsrKm', 'jojo', '', NULL, 'organization_admin', true, '2025-07-10T04:36:48.781Z', '2025-07-10T05:03:31.366Z', '0b91d0b5-3402-46b4-a3e4-0d8803ac28f2', false, NULL, NULL, NULL, NULL, NULL, '{"userId":"ff1f458e-af29-4b1b-aa16-2e6b32833e6a","cadence":"harian","reminderTime":"17:00","reminderDay":"","reminderDate":"","isActive":true,"teamFocus":"penjualan"}', '089740574954', '919359', '2025-07-10T06:03:31.366Z', true);
INSERT INTO users ("id", "email", "password", "first_name", "last_name", "profile_image_url", "role", "is_active", "created_at", "updated_at", "organization_id", "is_system_owner", "department", "job_title", "last_login_at", "invited_by", "invited_at", "reminder_config", "phone", "verification_code", "verification_code_expiry", "is_email_verified") VALUES ('b7dd3960-5a94-42e5-8415-3f5088452ec6', 'nana@mail.com', '$2b$10$IDW6GdyD0kcHkMwOtWyoEOHFYggypvO5Agq7a7w5RJH02wim9.evm', 'nana', '', NULL, 'organization_admin', true, '2025-07-09T18:18:26.495Z', '2025-07-09T18:18:45.692Z', '003b9e19-92f7-4c3d-98f1-a3d597a3563e', false, NULL, NULL, NULL, NULL, NULL, '{"userId":"b7dd3960-5a94-42e5-8415-3f5088452ec6","cadence":"weekly","reminderTime":"09:00","reminderDay":"monday","isActive":true,"teamFocus":"penjualan"}', '092340990950', NULL, NULL, true);
INSERT INTO users ("id", "email", "password", "first_name", "last_name", "profile_image_url", "role", "is_active", "created_at", "updated_at", "organization_id", "is_system_owner", "department", "job_title", "last_login_at", "invited_by", "invited_at", "reminder_config", "phone", "verification_code", "verification_code_expiry", "is_email_verified") VALUES ('955b3705-14e4-4fd7-afa0-47d8e2475edf', 'mimi@mail.com', '$2b$12$Z4EaEvUwoxOTO45LJTiYJu79Va8KJT4nqv70OUKOhO66oLSruSisC', 'mimi', '', NULL, 'organization_admin', true, '2025-07-10T05:11:23.124Z', '2025-07-10T05:11:42.492Z', '300f8a88-1291-492d-bbb3-92db2bb89258', false, NULL, NULL, NULL, NULL, NULL, '{"userId":"955b3705-14e4-4fd7-afa0-47d8e2475edf","cadence":"harian","reminderTime":"17:00","reminderDay":"","reminderDate":"","isActive":true,"teamFocus":"penjualan"}', '0890989090', NULL, NULL, true);
INSERT INTO users ("id", "email", "password", "first_name", "last_name", "profile_image_url", "role", "is_active", "created_at", "updated_at", "organization_id", "is_system_owner", "department", "job_title", "last_login_at", "invited_by", "invited_at", "reminder_config", "phone", "verification_code", "verification_code_expiry", "is_email_verified") VALUES ('2a3a5347-782e-4cfe-9d30-83c8905a42f7', 'admin@refokus.com', '$2b$12$fOarFKlLizW0zgCERp8g9uIPUyNshTNDLIrB8HwEAXnxBneU66vyu', 'System', 'Administrator', NULL, 'system_owner', true, '2025-07-10T07:08:27.985Z', '2025-07-10T07:08:27.985Z', 'bc5af273-e81b-49af-a156-77bbcce629f9', true, NULL, NULL, NULL, NULL, NULL, NULL, NULL, NULL, NULL, true);
INSERT INTO users ("id", "email", "password", "first_name", "last_name", "profile_image_url", "role", "is_active", "created_at", "updated_at", "organization_id", "is_system_owner", "department", "job_title", "last_login_at", "invited_by", "invited_at", "reminder_config", "phone", "verification_code", "verification_code_expiry", "is_email_verified") VALUES ('1c098d4e-ad98-4c78-9f10-a763d89ab1c8', 'owner@system.com', '$2b$12$TSZn3mN2UeWJTudnoskjhuLBkYPLUrASdqCqaP95HKT28KjxvaDPm', 'System', 'Owner', NULL, 'system_owner', true, '2025-07-10T07:08:56.051Z', '2025-07-10T07:08:56.051Z', '76ce4cb4-12de-462e-ba5c-ff96365dc234', true, NULL, NULL, NULL, NULL, NULL, NULL, NULL, NULL, NULL, true);

